Fonte;ID/Pasta;C√≥digo/Nome;Dura√ß√£o;Tipo de √°udio;Imagem;√Åudio;Data;Op. VT;Marcelo;Observa√ß√µes
CLIP1;45536;VT-JOGUNIVERSO_CP25;00:03:21.06;Voz e BGM;OK;OK;06/12/2021;Jesus;Gabriel;
CLIP2;45787;1808805784_CP01;00:01:38.03;BGM;OK;OK;10/12/2021;Jesus;Gabriel;
CLIP2;VTs e V√≠deos\Para Teste;(Editado) Mini bicicleta dobr√°vel Pedalinho com contador Cicloergometro WCT Fitness_1;00:01:19.00;Sem √°udio;OK;N/A;15/12/2021;Jesus;Gabriel;
CLIP2;VTs e V√≠deos\VTs de Produtos;Linha E-Due _IBBL.mp4;00:01:00.00;Voz e BGM;OK;OK;16/12/2021;Jesus;Cleyton;
CLIP2;VTs e V√≠deos\VTs de Produtos;Avi√£o El√©trico Infantil Super Fly - Brink+.mp4;00:01:13.00;BGM;OK;OK;16/12/2021;Jesus;Cleyton;
CLIP2;VTs e V√≠deos\VTs de Produtos;Bonecas baby bichinhos Brink+ _ Shoptime;00:01:12.00;BGM;OK;OK;16/12/2021;Jesus;Cleyton;
CLIP2;VTs e V√≠deos\VTs de Produtos;Liquidificador 1400W Problend Ri2244;00:01:55.00;BGM;OK;OK;16/12/2021;Jesus;Cleyton;
CLIP2;VTs e V√≠deos\VTs de Produtos;Panela de pressao eletrica 5L Inox - Fun Kitchen;00:01:55.00;BGM;OK;OK;16/12/2021;Jesus;Cleyton;
CLIP1;46035;VT-JOGUNIVERSO_CP26;00:04:35.06;Voz e BGM;OK;OK;17/12/2021;Jesus;Gabriel;
CLIP2;Material Programas\Papo a Gosto\16.12.2021 - Filho da M√£e;VIDEO  PUNHETADE BACALHAL_mpeg4;00:00:55.00;Voz e BGM;OK;OK;17/12/2021;Jesus;Gabriel;
CLIP2;Material Programas\Papo a Gosto\16.12.2021 - Filho da M√£e;VIDEO  TASCA DO FILHO DA M√ÉE_mpeg4;00:01:59.00;Voz e BGM;OK;OK;17/12/2021;Jesus;Gabriel;
CLIP2;Material Programas\Papo a Gosto\16.12.2021 - Filho da M√£e;VIDEO COM OFF BACALHAL_mpeg4;00:00:48.00;Voz e BGM;OK;OK;17/12/2021;Jesus;Gabriel;
CLIP2;VTs e V√≠deos\VTs de Produtos;Ropo Glass 3 - Pareamento com Alexa;00:02:58.00;Voz e BGM;OK;OK;20/12/2021;Jesus;Marcelo;
CLIP1;46171;134598386_CP01;00:01:27.24;Voz e BGM;OK;OK;21/12/2021;Jesus;Marcelo;
CLIP1;46170;132728731_CP01;00:00:41.09;BGM;OK;OK;21/12/2021;Jesus;Marcelo;
CLIP1;46392;EV | VEM2022_CP01;00:00:10.00;Sem √°udio;OK;Sem √°udio;28/12/2021;Jesus;Andr√©;
CLIP1;43202;133850834_CP01;00:08:54.07;Voz e BGM;OK;OK;29/12/2021;Jesus;Marcelo;
CLIP1;7368;133850834_CP02;00:01:34.27;BGM;OK;OK;29/12/2021;Jesus;Marcelo;
CLIP1;7337;133850834_CP01;00:01:48.13;BGM;OK;OK;29/12/2021;Jesus;Marcelo;
CLIP1;46434;VT-JOGUNIVERSO_CP28;00:04:20.01;Voz e BGM;OK;OK;30/12/2021;B√°rbara;Andr√©;
CLIP2;VTs e V√≠deos\VTs de Produtos;Desodorizador de Geladeira Berry Breeze La Cuisine _ Shoptime;00:01:10.00;BGM;OK;OK;30/12/2021;B√°rbara;Andr√©;
CLIP2;VTs e V√≠deos\VTs de Produtos;Aspirador de P√≥ Ciclone Force 1000W Philco;00:00:41.00;BGM;OK;OK;30/12/2021;Jesus;Gabriel;
CLIP1;42013;VH-ABVR_CP01;00:00:15.00;BGM;OK;OK;30/12/2021;Jesus;Gabriel;M√≠dia alterada, copiado para o ETX12 novamente
CLIP1;46499;VT | CAPRIJOGUNIVERSO_CP01;00:03:43.21;Voz e BGM;Reprovado;OK;03/01/2022;Jesus;Andr√©;"Asset ""pisca"" entre cortes de c√¢mera com 48s rodados. Mariana notificada."
CLIP2;VTs e V√≠deos\VTs de Produtos;Rob√¥ Aspirador de P√≥ Mondial RB04;00:02:03.00;Voz e BGM;OK;OK;03/01/2022;Jesus;Andr√©;
CLIP1;46613;VT | CAPRIJOGUNIVERSO_CP02;00:03:43.21;Voz e BGM;Reprovado;OK;04/01/2022;Jesus;Andr√©;"Asset ""pisca"" entre cortes de c√¢mera com 48s rodados. Mariana notificada."
CLIP2;46826;VTSUGESSTRESTSARAVA;00:01:16:00;Voz e BGM;Reprovado;OK;17/01/2022;B√°rbara;Gabriel;Diretora achou a vinheta grande demais, texto da vinheta pisca. Patr√≠cia notificada.
CLIP1;46973;VT | MERCUJOGUNIVERSO_CP01;00:05:24.18;Voz e BGM;OK;OK;19/01/2022;Jesus;Marcelinho;
CLIP1;47163;VT-SUGESTRESTSARAVA_CP02;00:01:16.01;Voz e BGM;Reprovado;Reprovado;21/01/2022;Jesus;Andr√©;Artefados na logo da vinheta, √°udio de baixa qualidade. M√°rcia/Patr√≠cia notificada, decidiram rodar mesmo assim
CLIP2;Material Programas\Vida Revista\2022\24.01.2022;After Life _ Season 3 Official Trailer _ Netflix;00:02:11.00;Voz e BGM;OK;OK;24/01/2022;Jesus;Gabriel;
CLIP1;47284;VE-ABCH-01A;00:00:15.02;BGM;OK;OK;25/01/2022;Jesus;Gabriel;
CLIP2;VTs e V√≠deos\VTs de Produtos;Crepeira e Mini M√°quina de Waffle  Fun Kitchen Shoptime;00:01:10.00;BGM;OK;OK;25/01/2022;Jesus;Gabriel;
CLIP2;VTs e V√≠deos\VTs de Produtos;Panela de Press√£o El√©trica Multifuncional Fun Kitchen;00:01.55.00;BGM;OK;OK;25/01/2022;Jesus;Gabriel;
CLIP2;Material Programas\Chef em Casa\SEMANA 4;Fl√°via - Pousada Sandi_corrigido;00:00:15.00;Voz;OK;OK;27/01/2022;Jesus;Andr√©;V√≠deo estava invertido, mas o corretor foi capaz de corrigir.
CLIP2;VTs e V√≠deos\VTs de Produtos;Mini bicicleta dobr√°vel Pedalinho com contador Cicloergometro WCT Fitness;00:02:18.00;Voz e BGM;OK;OK;27/01/2022;Jesus;Marcelo;Black de 17 segundos no final do v√≠deo, sinalizar para edi√ß√£o.
CLIP1;47391;VT | AQUAJOGUNIVERSO_CP01;00:03:47.26;Voz e BGM;OK;OK;27/01/2022;Jesus;Andr√©;
CLIP2;Material Programas\Casa e Conforto\2022\27.01.2022 - TBT Shoptime;#TBT-2701;00:01:23.00;Voz e BGM;OK;OK;27/01/2022;Jesus;Andr√©;
CLIP2;Material Programas\Casa e Conforto\2022\27.01.2022 - TBT Shoptime;Shoptime TBT Adriana Tolentino - Kit Travesseiro Penas de Ganso 50 x 70 cm 4 pe√ßas Casa e Conforto;00:01:20.00;Voz e BGM;OK;OK;27/01/2022;Jesus;Andr√©;Qualidade ruim, mas aceit√°veis para a proposta do programa
CLIP2;Material Programas\Casa e Conforto\2022\27.01.2022 - TBT Shoptime;Shoptime TBT B√°rbara Marttins - Enxoval Caroline Casa e Conforto;00:01:12.00;Voz e BGM;OK;OK;27/01/2022;Jesus;Andr√©;Qualidade ruim, mas aceit√°veis para a proposta do programa
CLIP2;Material Programas\Casa e Conforto\2022\27.01.2022 - TBT Shoptime;Shoptime TBT Fabiana Boal - Kit de Cama Rosas Casa e Conforto;00:01:23.00;Voz e BGM;OK;OK;27/01/2022;Jesus;Andr√©;Qualidade ruim, mas aceit√°veis para a proposta do programa
CLIP2;Material Programas\Casa e Conforto\2022\27.01.2022 - TBT Shoptime;Shoptime TBT Renata Pitanga - Jogo de Toalha Banh√£o Ver√£o Hit 5 Pe√ßas Casa e Conforto;00:00:47.00;Voz e BGM;OK;OK;27/01/2022;Jesus;Andr√©;Qualidade ruim, mas aceit√°veis para a proposta do programa
CLIP2;Material Programas\Casa e Conforto\2022\27.01.2022 - TBT Shoptime;Shoptime TBT Semana da Mulher;00:00:45.00;Voz e BGM;OK;OK;27/01/2022;Jesus;Andr√©;Qualidade ruim, mas aceit√°veis para a proposta do programa
CLIP1;47601;VT-URANOJOGUNIVERSO_CP01;00:03:36.09;Voz e BGM;OK;OK;04/02/2022;Jesus;Andr√©;
CLIP2;Atalhos de Hoje\16h - Papo a Gosto (Tempor√°rio);OFF 01 - FEIJ√ÉO_mpeg4;00:01:28.00;Voz e BGM;OK;OK;04/02/2022;Jesus;Andr√©;
CLIP2;Atalhos de Hoje\16h - Papo a Gosto (Tempor√°rio);OFF 01 - TORREMOS_mpeg4;00:00:45.00;Voz e BGM;OK;OK;04/02/2022;Jesus;Andr√©;
CLIP2;Atalhos de Hoje\16h - Papo a Gosto (Tempor√°rio);VIDEO DB HOUSE TORREMOS_mpeg4_002;00:01:48.00;Voz e BGM;OK;OK;04/02/2022;Jesus;Andr√©;
CLIP2;VTs e V√≠deos\VTs de Produtos;Poltrona do Papai Relaxmedic;00:01:25.00;Voz e BGM;OK;OK;07/02/2022;Jesus;Andr√©;
CLIP1;47697;EV-BLACKNIGTHFEV22-01A;00:00:10.01;Voz e BGM;OK;OK;08/02/2022;B√°rbara;Andr√©;
CLIP1;47698;EV-BLACKNIGTHFEV22_CP01;00:00:10.01;Sem √°udio;N/A;OK;07/02/2022;Jesus;N/A;
CLIP1;47823;4546408471_CP01;00:01:39.01;Voz e BGM;OK;OK;09/02/2022;Jesus;Marcelo;
CLIP2;V√≠deos de Programas\Casa & Conforto 10.02.2022;#TBT-BABY-1002;00:01:55.00;Voz e BGM;OK ;OK;09/02/2022;Jesus;Gabriel;
CLIP2;V√≠deos de Programas\Papo a Gosto 11.02.2022;OFF 01_mpeg4_001;00:00:49.00;Voz e BGM;OK;OK;11/02/2022;Jesus;Gabriel;
CLIP2;V√≠deos de Programas\Papo a Gosto 11.02.2022;OFF 02_mpeg4_001;00:00:48.00;Voz e BGM;OK;OK;11/02/2022;Jesus;Gabriel;
CLIP2;V√≠deos de Programas\Vinhetas Papo a Gosto\MXF;A BOA DA CESTA.mxf;00:00:05.00;BGM;OK;OK;11/02/2022;Jesus;Gabriel;
CLIP2;V√≠deos de Programas\Vinhetas Papo a Gosto\MXF;BOEMIOS.mxf;00:00:05.00;BGM;OK;OK;11/02/2022;Jesus;Gabriel;
CLIP2;V√≠deos de Programas\Vinhetas Papo a Gosto\MXF;LAR DOCE LAR.mxf;00:00:05.00;BGM;OK;OK;11/02/2022;Jesus;Gabriel;
CLIP2;V√≠deos de Programas\Vinhetas Papo a Gosto\MXF;PATRIMONIO.mxf;00:00:05.00;BGM;OK;OK;11/02/2022;Jesus;Gabriel;
CLIP2;V√≠deos de Programas\Vinhetas Papo a Gosto\MXF;Vinheta Papo a gosto_v01.mxf;00:00:15.00;BGM;OK;OK;11/02/2022;Jesus;Gabriel;
CLIP1;47920;VT-FILMECADASIGNO_CP01;00:07:14.00;Voz e BGM;OK;OK;14/02/2022;Jesus;Andr√©;
CLIP1;47891;EV-PRECISOUACHOU_CP01;00:00:10.00;Sem √°udio;OK;N/A;14/02/2022;Jesus;Andr√©;
CLIP1;47948;VT-CONJPOWERTASTE_CP01;00:01:45.01;BGM;OK;OK;14/02/2022;Jesus;Andr√©;
CLIP2;VTs e V√≠deos\VTs de Produtos;Ar Condicionado Philco Protect PAC9000ITQFM9W;00:00:59.00;BGM;OK;OK;15/02/2022;Karine;Marcelo;
CLIP2;VTs e V√≠deos\VTs de Produtos;Cadeira Gamer GT Kids;00:01:06.00;BGM;OK;OK;15/02/2022;Karine;Marcelo;
CLIP2;VTs e V√≠deos\VTs de Produtos;Rob√¥ Aspirador de P√≥ Mondial RB-01;00:01:29.00;Voz e BGM;OK;OK;15/02/2022;Karine;Marcelo;
CLIP2;VTs e V√≠deos\VTs de Produtos;Philco TV ROKU;00:01:32.00;Voz e BGM;OK;OK;15/02/2022;Karine;Marcelo;
CLIP1;48107;VT-FILMECADASIGNO_CP01;00:07:14.00;Voz e BGM;OK;OK;17/02/2022;Jesus;Andr√©;
CLIP1;48076;VT-PEIXESJOGUNIVERSO_CP01;00:04:07.02;Voz e BGM;OK;Em An√°lise;17/02/2022;Jesus;Andr√©;
CLIP1;48123;EV-PRECSOUFOCOCC_CP01;00:00:10.00;Sem √°udio;OK;N/A;17/02/2022;Jesus;Andr√©;
CLIP1;33251;TD-QROPART-01A;00:00:30.00;Voz e BGM;OK;OK;18/02/2022;Jesus;Andr√©;
CLIP1;48107;VT-FILMECADASIGNO_CP02;00:07:14.00;Voz e BGM;OK;OK;18/02/2022;Jesus;Andr√©;
CLIP2;V√≠deos de Programas\Papo a Gosto 18.02.2022;OFF 01 - 18-02 MILANEZA_mpeg4;00:01:01.64;Voz e BGM;OK;OK;18/02/2022;Jesus;Gabriel;
CLIP2;V√≠deos de Programas\Papo a Gosto 18.02.2022;OFF 02 - 18-02 VINICIUS DE MORAE_mpeg4_001.mp4;00:00.54.46;Voz e BGM;OK;OK;18/02/2022;Jesus;Gabriel;
CLIP1;28596;VH-COMPRAAME-01A;00:01:00.02;Voz e BGM;OK;OK;21/02/2022;Jesus;Andr√©;
CLIP1;25241;VT-OQUEEAMEDIG_CLIP01;00:00:46.01;Voz e BGM;OK;OK;21/02/2022;Jesus;Andr√©;Descartado por apresentadora ser desconhecida.
CLIP1;48209;EV-PRECISOUFOCOHO_CP01;00:00:10.00;Sem √°udio;OK;N/A;21/02/2022;Jesus;Andr√©;
CLIP2;V√≠deos de Programas\Vida Revista 21.02.2022;Renata Pitanga - Truss Night SPA;00:01:26.00;BGM;OK;OK;21/02/2022;Jesus;Andr√©;
CLIP2;VTs e V√≠deos\Vinhetas e V√≠deos Shoptime\Ame Digital;Pra pagar e muito mais, Ame;00:00:20.00;Voz e BGM;OK;OK;21/02/2022;Jesus;Andr√©;
CLIP2;V√≠deos de Programas\Papo a Gosto 25.02.2022;VIDEO CARNE SECA_mpeg4;00:00:37.00;Voz e BGM;OK;OK;25/02/2022;Jesus;Andr√©;
CLIP2;V√≠deos de Programas\Papo a Gosto 25.02.2022;VIDEO CHIQUINA GONZAGA_mpeg4_001;00:01:06.00;Voz e BGM;OK;OK;25/02/2022;Jesus;Andr√©;
CLIP1;48453;VT-PEIXESJOGUNIVERSO_CT02;00:57:00.02;Black;Reprovado;Reprovado;25/02/2022;Jesus;Andr√©;Asset com 57 minutos de dire√ß√£o, em black. Reprovado.
CLIP1;48457;VT-PEIXESJOGUNIVERSO_CT03;00:00:00.01;Black;Reprovado;Reprovado;25/02/2022;Jesus;Marcelo;Asset com 1 frame de dura√ß√£o. Reprovado.
CLIP2;V√≠deos de Programas\Joga pro Universo 25.02.2022;JOGA PRO UNIVERSO_PEIXES;00:04:07.05;Voz e BGM;OK;OK;25/02/2022;Jesus;Marcelo;
CLIP1;48457;VT-PEIXESJOGUNIVERSO_CT03;00:04:06.26;Voz e BGM;OK;OK;25/02/2022;Jesus;Gabriel;Asset com dura√ß√£o corrigida.
CLIP2;VTs e V√≠deos\VTs de Produtos;Samsung Soundbar - √Åudio Imersivo;00:00:17.00;Efeitos Sonoros;OK;OK;02/03/2022;Jesus;Marcelo;
CLIP2;VTs e V√≠deos\VTs de Produtos;Samsung Soundbar - Como funciona;00:00:22.00;BGM;OK;OK;02/03/2022;Jesus;Marcelo;
CLIP1;48617;VT-DEPOIMENTHELENAB_CP01;00:01:45.07;Voz;OK;OK;08/03/2022;Jesus;Clayton e Andr√©;N√£o deixar Andr√©a Bueno ver/ouvir. Qualidade ruim, notificado √† Marcelo Rezende.
CLIP1;48456;VT-SIMBOLSIGNOSJOGUNI_CP01;00:06:24.07;Voz e BGM;OK;OK;10/03/2022;Jesus;Cleyton;Apresenta flickering.
CLIP2;VTs e V√≠deos\VTs de Produtos;Carrinho de Beb√™ Travel System Reverse - Cosco _ Shoptime;00:01:00.00;BGM;OK;OK;10/03/2022;Jesus;Cleyton;
CLIP2;VTs e V√≠deos\VTs de Produtos;LINHA BASICS _ PO√Å;00:00:45.00;Voz e BGM;OK;OK;11/03/2022;Jesus;Andr√© e Marcelo;
CLIP1;25952;TD-LANCBASICSPOA_CP01;00:00:45.01;Voz e BGM;OK;OK;11/03/2022;Jesus;Andr√© e Marcelo;
CLIP1;48669;VT-MAKINGCHEF#200_CP01;00:57:00.02;BGM;OK;OK;11/03/2022;Jesus;Andr√© e Marcelo;
CLIP2;V√≠deos de Programas\Papo a Gosto 11.03.2022;OFF JO√ÉO BOSCO_mpeg4_001;00:01:16.00;Voz e BGM;OK;OK;11/03/2022;Jesus;Andr√© e Marcelo;
CLIP2;V√≠deos de Programas\Papo a Gosto 11.03.2022;OFF RABADA_mpeg4;00:00:27.00;Voz e BGM;OK;OK;11/03/2022;Jesus;Andr√© e Marcelo;
CLIP2;V√≠deos de Programas\Papo a Gosto 11.03.2022;M√öSICA LINHA DE PASSE;00:04:43.00;Voz e BGM;OK;OK;11/03/2022;Jesus;Marcelo;
CLIP2;VTs e V√≠deos\VTs de Produtos;Calvin Klein - CK Be _ Hermit√©;00:00:46.00;BGM;OK;OK;14/03/2022;Jesus;Clayton;
CLIP1;48698;VT-LAVASECALG11KG_CP01;00:02:25.28;BGM e Voz;Reprovado;OK;15/03/2022;Jesus;Marcelo;Qualidade de v√≠deo ruim.
CLIP1;48699;VT-MAQLAVBRASTEMP12KG_CP01;00:01:19.27;BGM e Voz;OK;OK;15/03/2022;Jesus;Marcelo;
CLIP1;48700;VT-NOTELENOVOIDEAPAD_CP01;00:00:43.03;BGM;OK;OK;15/03/2022;Jesus;Marcelo;
CLIP1;48701;VT-PANELALLEGRATRAM_CP01;00:01:09.03;Sem √°udio;OK;N/A;15/03/2022;Jesus;Marcelo;
CLIP1;48702;VT-PROCESPHILWALITA_CP01;00:00:56.10;BGM;OK;OK;15/03/2022;Jesus;Marcelo;
CLIP1;48703;VT-ROBOASPIRMODIAL_CP01;00:01:43.16;Voz e BGM;OK;OK;15/03/2022;Jesus;Andr√©;
CLIP1;48704;VT-ROBOASPIRMULTILASER_CP01;00:00:52.01;Voz e BGM;OK;OK;15/03/2022;Jesus;Andr√©;
CLIP1;48705;VT-ROBOASPIRROOMBAS600_CP01;00:00:49.15;Voz e BGM;OK;OK;15/03/2022;Jesus;Andr√©;
CLIP2;VTs e V√≠deos\VTs de Produtos;Geladeira Brastemp Frost Free 375 litros;00:00:51.00;Voz e BGM;OK;Reprovado;15/03/2022;Jesus;Andr√©;√Åudio saturado.
CLIP2;VTs e V√≠deos\VTs de Produtos;Aspirador Vertical _ WAP High Speed Black;00:01:06.00;BGM;OK;OK;15/03/2022;Jesus;Andr√©;
CLIP2;VTs e V√≠deos\VTs de Produtos;Lava-Lou√ßas Brastemp 10 Servi√ßos-(1080p);00:01:07.00;BGM;OK;OK;15/03/2022;Jesus;Andr√©;
CLIP2;VTs e V√≠deos\VTs de Produtos;Ar Condicionado Split LG Dual Inverter Voice - 70% mais econ√¥mico (Com √°udio - Narra√ß√£o;00:00:30.00;Voz e BGM;OK;OK;15/03/2022;Jesus;Andr√©;
CLIP2;VTs e V√≠deos\VTs de Produtos;TV Samsung Crystal UHD - A nova 4K da Samsung;00:00:30.00;Voz e BGM;OK;OK;15/03/2022;Jesus;Andr√©;
CLIP2;VTs e V√≠deos\VTs de Produtos;Amazon.com.br MONDIAL COZINHA;00:00:45.00;Voz e BGM;OK;OK;16/03/2022;Jesus;Cleyton;
CLIP2;VTs e V√≠deos\VTs de Produtos;Conhe√ßa a linha Solar Tramontina - Panela de A√ßo Inox dur√°veis e pr√°ticas;00:01:15.00;BGM;OK;OK;16/03/2022;Jesus;Cleyton;
CLIP2;VTs e V√≠deos\VTs de Produtos;Super Mix Fun kitchen;00:01:31.00;BGM;OK;OK;16/03/2022;Jesus;Cleyton;
CLIP2;V√≠deos de Programas\Papo a Gosto\Papo a Gosto 11.03.2022;OFF - BAIANAS DO ACARAJE_mpeg4;00:00:47.00;Voz e BGM;OK;OK;18/03/2022;Jesus;Marcelo;
CLIP2;V√≠deos de Programas\Papo a Gosto\Papo a Gosto 11.03.2022;OFF - DORIVAL CAYME_mpeg4;00:01:53.00;Voz e BGM;OK;OK;18/03/2022;Jesus;Marcelo;
CLIP2;V√≠deos de Programas\Papo a Gosto\Papo a Gosto 11.03.2022;Trecho do filme 'Banana da terra', de Rui Costa - 'O que √© que a baiana tem', por Carmen Miranda;00:00:30.00;M√∫sica;OK;OK;18/03/2022;Jesus;Cleyton;
CLIP2;VTs e V√≠deos\VTs de Produtos;Almo√ßo fit na Ceramic Life Vanilla;00:02.18.00;BGM;OK;OK;18/03/2022;Jesus;Cleyton;
CLIP2;VTs e V√≠deos\VTs de Produtos;Conhe√ßa a linha Solar Tramontina - Panelas de A√ßo Inox dur√°veis e pr√°ticas;00:01:15.00;BGM;OK;OK;18/03/2022;Jesus;Cleyton;
CLIP2;VTs e V√≠deos\VTs de Produtos;Sic√≠lia _ Tramontina (1);00:00:48.00;BGM;OK;OK;18/03/2022;Jesus;Cleyton;
CLIP1;48844;EV-PRECISOUFOCOFK_CP01;00:00:10.00;Sem √°udio;OK;N/A;21/03/2022;Jesus;Cleyton;
CLIP1;48845;EV-PRECISOUFOCOFK-01A;00:00:10.00;BGM;OK;OK;21/03/2022;Jesus;Cleyton;
CLIP2;V√≠deos de Programas\Casa & Conforto I 21.03.2022;ALEXANDRA MELO;00:01:56:00;Voz;OK;OK;21/03/2022;Jesus;Andr√©;
INFOWS;https://www.instagram.com/p/CaA1lYdpJMR/;Djavan Oficial - Chamada Show 26/03/2022;N/A;Voz e BGM;OK;OK;25/03/2022;Jesus;Andr√©;
CLIP2;V√≠deos de Programas\Papo a Gosto\Papo a Gosto 25.03.2022;Clara Nunes - Peixe Com Coco (Show 1¬∫ de Maio no Riocentro);00:02:18.00;M√∫sica;OK;OK;25/03/2022;Jesus;Andr√©;
CLIP2;V√≠deos de Programas\Papo a Gosto\Papo a Gosto 25.03.2022;OFF - CLARA NUNES_mpeg4;00:01:43.00;Voz e BGM;OK;OK;25/03/2022;Jesus;Andr√©;
CLIP2;V√≠deos de Programas\Papo a Gosto\Papo a Gosto 25.03.2022;PIRARUCU_mpeg4;00:00:52.00;Voz e BGM;OK;OK;25/03/2022;Jesus;Andr√©;
CLIP1;49502;VT-COLELINHABAMBU_CP01;00:02:15.00;BGM;OK;OK;28/03/2022;Jesus;Andr√©;
CLIP2;V√≠deos de Programas\Casa & Conforto I 28.03.2022;DENISE ALMEIDA - @MEYAPEE.403 - 2803;00:01:21.00;Voz;OK;OK;28/03/2022;Jesus;Andr√©;
CLIP2;V√≠deos de Programas\Casa & Conforto I 28.03.2022;youtube-LADY-DAIANA;00:02:18.00;Voz e BGM;OK;OK;28/03/2022;Jesus;Andr√©;
CLIP2;VTs e V√≠deos\VTs de Produtos;Adega 8 garrafas ACS08 220V Electrolux _ Shoptime (3);00:01:12.00;BGM;OK;OK;30/03/2022;Jesus;Andr√©;
CLIP2;VTs e V√≠deos\VTs de Produtos;Panelas de A√ßo Inox com design elegante _ Conhe√ßa a linha Brava _ Tramontina;00:01:09.00;BGM;OK;OK;30/03/2022;Jesus;Andr√©;
CLIP2;VTs e V√≠deos\VTs de Produtos;Processador Philips Walita - RI7636 (1);00:01:38.00;BGM;OK;OK;30/03/2022;Jesus;Andr√©;
INFOWS;https://www.instagram.com/p/CbUvGIjF6WC/;__kil_h_h;00:00:14.00;BGM;OK;OK;30/03/2022;Jesus;Andr√©;
INFOWS;https://www.instagram.com/p/Ca5lPsVj_PU/;ashleyhargest;00:00:10.00;BGM;OK;OK;30/03/2022;Jesus;Andr√©;
INFOWS;https://www.instagram.com/p/CbpgjNisBNL/;suztattoo;00:00:11.00;Voz;OK;OK;30/03/2022;Jesus;Andr√©;
INFOWS;https://www.instagram.com/p/Ca5fRw5JcvN/;sgshairdesign;00:00:27.00;Voz;OK;OK;30/03/2022;Jesus;Andr√©;
INFOWS;https://www.instagram.com/p/CVqjUvtDKmz/;medley_na_cena;00:00:06.00;Voz;OK;OK;30/03/2022;Jesus;Andr√©;
INFOWS;https://www.instagram.com/reel/CZ2aOXBFMPa/;canalshoptime;00:00:25.00;BGM;OK;OK;30/03/2022;Jesus;Andr√©;
INFOWS;https://www.tiktok.com/@obvious.cc/video/7060947378097949957?is_copy_url=1&is_from_webapp=v1&q=5%20linguagem%20do%20amor%20obvious&t=1648673621285;obvious.cc;00:00:32.00;Voz e BGM;OK;OK;30/03/2022;Jesus;Cleyton;
INFOWS;https://open.spotify.com/episode/6gLlJrwLgjS2xdXtHk6W8Y?si=1VUmHwyNSyuwVXBl4VUbYA&dl_branch=1&nd=1;#88 / Sai de mim, ci√∫mes, com Tha√≠s C√©zare;00:00:01.00;Voz e BGM;OK;OK;30/03/2022;Jesus;Cleyton;
CLIP2;24.03.2022 Casa & Conforto I;S√©rie-Desejo Sombrio;00:01:36.00;Voz e BGM;OK;OK;30/03/2022;Jesus;Cleyton;
CLIP2;01.04.2022 Casa & Conforto II;S√©rie-A Filha Perdida - Trailer - Dublado- barbaridades 0104;00:02:28.00;Voz e BGM;OK;OK;01/04/2022;Jesus;Cleyton;
CLIP2;01.04.2022 Papo a Gosto;Alceu Valen√ßa - Cora√ß√£o Bobo (Ao Vivo);00:05:54.00;Voz e BGM;OK;OK;01/04/2022;Jesus;Andr√©;
CLIP2;01.04.2022 Papo a Gosto;Alceu Valen√ßa - Tropicana (Ao Vivo);00:05:25.00;Voz e BGM;OK;OK;01/04/2022;Jesus;Andr√©;
CLIP2;01.04.2022 Papo a Gosto;ALCEU VALEN√áA;00:01:02.00;Voz e BGM;OK;Reprovado;01/04/2022;Jesus;Andr√©;√Åudio de baixa qualidade.
CLIP2;01.04.2022 Papo a Gosto;cartela v√≠deo alceu;00:01:02.00;Voz e BGM;OK;Reprovado;01/04/2022;Jesus;Andr√©;√Åudio de baixa qualidade.
CLIP2;01.04.2022 Papo a Gosto;OFF ALCEU VALEN√áA_mpeg4;00:01:31.00;Voz e BGM;OK;OK;01/04/2022;Jesus;Andr√©;
CLIP2;01.04.2022 Papo a Gosto;OFF COXINHA_mpeg4;00:01:26.00;Voz e BGM;OK;OK;01/04/2022;Jesus;Andr√©;
CLIP1;49347;EV-ANIVERSHOPP2022-CP01;00:00:10.00;Sem √°udio;OK;N/A;04/04/2022;Jesus;Gabriel;
CLIP2;VTs e V√≠deos\VTs de Produtos;Omeleteira com Revestimento Marmorizado Fun Kitchen;00:01:50.00;BGM;OK;OK;04/04/2022;Jesus;Gabriel;
CLIP2;VTs e V√≠deos\VTs de Produtos;Notebook Positivo Motion Q464C Intel Atom Z8350;00:01:05.00;BGM;OK;OK;04/04/2022;Jesus;Gabriel;
CLIP2;VTs e V√≠deos\Anivers√°rio Shoptime 2022;Anivers√°rio Shoptime c/ √°udio;00:00:40.00;Voz e BGM;OK;OK;04/04/2022;Jesus;Gabriel;
CLIP1;49345;EV-NIVERSHOP2022-01A;00:00:40.00;Voz e BGM;OK;OK;04/04/2022;Jesus;Gabriel;
CLIP1;49422;EV-NIVERPTDSCASAS-CP01;00:00:40.00;Voz e BGM;OK;OK;06/04/2022;Jesus;Gabriel;
CLIP1;49437;EV-CHURRASPORTLC-CP01;00:01:50.01;BGM;OK;OK;06/04/2022;Jesus;Gabriel;
CLIP1;23120;VH-LCPOWERTASTE_CLIP01;00:00:50.00;BGM;OK;OK;06/04/2022;Jesus;Gabriel;
CLIP2;VTs e V√≠deos\VTs de Produtos;Geladeira Electrolux DM84X - Cabe tudo nessa geladeira;00:00:54.00;BGM;OK;OK;06/04/2022;Jesus;Gabriel;
CLIP2;VTs e V√≠deos\VTs de Produtos;Geladeira French Door DM84X Inox 579L - Conhe√ßa a geladeira que virou desejo;00:00:53.00;BGM;OK;OK;06/04/2022;Jesus;Gabriel;
CLIP2;VTs e V√≠deos\VTs de Produtos;Linha de panelas Power Taste;00:00:50.00;Sem √°udio;OK;N/A;06/04/2022;Jesus;Gabriel;
CLIP2;VTs e V√≠deos\VTs de Produtos;Omeleteira com Revestimento Marmorizado Fun Kitchen;00:01:50.00;BGM;OK;OK;06/04/2022;Jesus;Gabriel;
CLIP2;VTs e V√≠deos\VTs de Produtos;M√°quina de Lavar Brastemp 14Kg branca com Ciclo Tira Manchas Advanced e Ciclo Antibolinha BWK14;00:01:27.00;Voz e BGM;OK;OK;11/04/2022;Jesus;Marcelo Maurity;
CLIP1;49680;EV-NIVERSHOP2022-02A;00:00:40.00;Voz e BGM;OK;OK;12/04/2022;Jesus;Gabriel;
CLIP2;VTs e V√≠deos\VTs de Produtos;Aspirador Rob√¥ Hydra 3 em 1 (Varre, Aspira e Passa pano) - Multilaser Home;00:02:03.00;BGM;OK;OK;12/04/2022;Jesus;Gabriel;
CLIP2;VTs e V√≠deos\VTs de Produtos;Batedeira Planet√°ria Digital Oster Bowl Inox 5L _ Kit Salada Maker;00:02:09.00;BGM;OK;OK;12/04/2022;Jesus;Gabriel;
CLIP2;VTs e V√≠deos\VTs de Produtos;Panelas de A√ßo Inox com qualidade e durabilidade Conhe√ßa a linha Allegra  Tramontina_1080p;00:01:09.00;BGM;OK;OK;12/04/2022;Jesus;Gabriel;
CLIP1;49683;EV-SORTEIONIVER-CP01;00:01:19.29;Voz e BGM;OK;OK;13/04/2022;Jesus;Gabriel;
CLIP1;49742;132718911_CP01;00:00:55.20;Voz e BGM;OK;OK;13/04/2022;Jesus;Gabriel;
CLIP1;49743;132718911_CP02;00:00:58.02;Sem √°udio;OK;N/A;13/04/2022;Jesus;Gabriel;
CLIP2;VTs e V√≠deos\VTs de Produtos;Air Fry Oven PFR2000P;00:01:00.00;Voz e BGM;OK;OK;13/04/2022;Jesus;Gabriel;
CLIP1;17942;5097452_CLIP01;00:01:31.14;BGM;OK;OK;13/04/2022;Jesus;Gabriel;
CLIP2;V√≠deos de Programas\Casa & Conforto 19.04.2022;fruturospptx;00:00:15.00;Voz e BGM;OK;OK;19/04/2022;Jesus;Gabriel;
CLIP2;V√≠deos de Programas\Casa & Conforto 19.04.2022;1904 tiago;00:01:16.00;Voz;OK;OK;19/04/2022;Jesus;Gabriel;
CLIP2;VTs e V√≠deos\VTs de Produtos;Escova Secadora Brit√¢nia Soft BEC02;00:00:49.00;BGM;OK;OK;19/04/2022;Jesus;Gabriel;
CLIP2;VTs e V√≠deos\VTs de Produtos;Massageador para √Årea dos Olhos Philco Eyemagic PTE03;00:00:43.00;BGM;OK;OK;19/04/2022;Jesus;Gabriel;
CLIP2;VTs e V√≠deos\VTs de Produtos;ropo Glass 3_ Pareamento com Alexa;00:02:58.00;Voz e BGM;OK;OK;20/04/2022;Jesus;Marcelo Maurity;
CLIP2;V√≠deos de Programas\Casa & Conforto 20.04.2022;Marcelo Janot - 2004;00:02:05.00;Voz;OK;OK;20/04/2022;Jesus;Marcelo Maurity;
CLIP2;V√≠deos de Programas\Papo a Gosto\Papo a Gosto 20.04.2022;VIDEO MERCADO MUNICIPAL;00:00:34.00;Voz e BGM;OK;OK;20/04/2022;Jesus;Gabriel;
CLIP2;V√≠deos de Programas\Papo a Gosto\Papo a Gosto 20.04.2022;VIDEO QUEIJOS;00:00:35.00;Voz e BGM;OK;OK;20/04/2022;Jesus;Gabriel;
INFOWS;https://autoconsciente.simplecast.com;Autoconsciente Podcast 1. O viciante pingue-pongue da aten√ß√£o;00:00:01:00;Voz;Site;OK;22/04/2022;Jesus;Gabriel;
CLIP2;VTs e V√≠deos\VTs de Produtos;Panelas ColorStone _ Euro Home;00:02:29.00;Voz e BGM;OK;OK;22/04/2022;Jesus;Marcelo;
CLIP2;VTs e V√≠deos\VTs de Produtos;Conjunto de Panelas Antiaderente Tasty 3 pe√ßas La Cuisine _ Shoptime;00:01:50.00;BGM;OK;OK;26/04/2022;Jesus;Andr√©;
INFOWS;https://open.spotify.com/episode/515BZHO4VUBAbL2FNYRdOc?si=vKPGh4p0R_WU4C1nHDeagw&context=spotify%3Ashow%3A3l28wC5LyiiW2EdxgKW1cE;Podcast Autoconsciente - Introdu√ß√£o;00:01:45.00;Voz;Site;OK;28/04/2022;Jesus;Gabriel;
CLIP1;50313;VT-COLECAOAMOR-CP01;00:01:40.01;BGM;OK;OK;02/05/2022;Jesus;Gabriel;
CLIP1;50423;EV-DIADASMAES2022-CP02;00:00:10.00;Sem √°udio;OK;N/A;02/05/2022;Jesus;Gabriel;
CLIP1;49925;EV-DIADASMAES2022-01A;00:00:30.00;Voz e BGM;OK;OK;02/05/2022;Jesus;Andr√©;Asset entregue durante o vivo por Marcelo Rezende. Notificado √† Marco Aur√©lio e testado durante o break de 15:52.
CLIP2;V√≠deos de Programas\Fam√≠lia Shoptime\03.05.2022 Fam√≠lia Shoptime;DIA DAS MAES.VALENDO.FINAL_mpeg4;00:14.26.00;Voz e BGM;OK;Reprovado;02/05/2022;Jesus;Gabriel;√Åudio fora de sync em alguns momentos, comunicado para Tininha Ara√∫jo
CLIP2;V√≠deos de Programas\Fam√≠lia Shoptime\03.05.2022 Fam√≠lia Shoptime;ESQUETE ESTUDIO.FINAL;00:04:22.00;Voz e BGM;OK;OK;02/05/2022;Jesus;Gabriel;
CLIP2;V√≠deos de Programas\Casa & Conforto\04.05.2022 Casa & Conforto I;0405 - perfil aberto- DAVI LOPES;00:00:34.00;Voz;OK;OK;02/05/2022;Jesus;Gabriel;
CLIP2;V√≠deos de Programas\Casa & Conforto\04.05.2022 Casa & Conforto I;0405 - perfil aberto- ANDREA BUENO;00:00:26.00;Voz;OK;OK;02/05/2022;Jesus;Gabriel;
CLIP2;V√≠deos de Programas\Casa & Conforto\04.05.2022 Casa & Conforto I;0405 - perfil aberto- RENATA PITANGA;00:00:33.00;Voz;OK;OK;02/05/2022;Jesus;Gabriel;
CLIP2;VTs e V√≠deos\VTs de Produtos;Lavadora Brastemp 9Kg - BWJ09;00:01:28.00;Voz e BGM;OK;OK;02/05/2022;Jesus;Gabriel;Restestado em 04/08/2022 com Leonardo
CLIP2;VTs e V√≠deos\VTs de Produtos;Conhe√ßa o vaporizador de pisos PowerMop MOP10;00:01:25.00;BGM;OK;OK;02/05/2022;Jesus;Gabriel;
INFOWS;https://www.tiktok.com/@obvious.cc/video/7086868239430585606?is_copy_url=1&is_from_webapp=v1;A #sexta √© santa mas esse perfil n√£o üî• #musica #sextou #curiosidade #playlist;00:00:58.00;Voz e BGM;OK;OK;02/05/2022;Jesus;Andr√©;Instagram para o dia 05/05/2022 - Casa & Conforto 15h
CLIP2;V√≠deos de Programas\Casa & Conforto\05.05.2022 Casa & Conforto I;Filme-Como superar um Fora- NETFLIX;00:02:36.00;Voz e BGM;OK;OK;02/05/2022;Jesus;Andr√©;
CLIP2;VTs e V√≠deos\VTs de Produtos;Cafeteira Expresso PrimaLatte Oster - Conhe√ßa;00:00:58.00;BGM;OK;OK;02/05/2022;Jesus;Andr√©;
CLIP1;50592;EV-REALITYDIADASMAES-CP01;00:05:32.03;Voz e BGM;OK;OK;06/05/2022;Jesus;Gabriel;Imagem lavada, constatada pro Josuel
CLIP1;50571;EV-REALITYDIADASMAES-CP02;00:01:36.02;Voz e BGM;OK;OK;06/02/2022;Jesus;Gabriel;
CLIP2;V√≠deos de Programas\Casa & Conforto\10.05.2022 Casa & Conforto I;Renata Responde;00:07:30:00;Voz e BGM;Reprovado;OK;10/05/2022;B√°rbara;Gabriel;
CLIP2;V√≠deos de Programas\Vida Revista\12.05.2022 Vida Revista;RENATA CANSADA - OK;00:04:38.00;Voz e BGM;OK;OK;12/05/2022;Jesus;Andr√©;
CLIP1;50565;VH-CASALEVAFAMADEITA-CP01;00:00:08.01;BGM;OK;OK;12/05/2022;Jesus;Andr√©;
CLIP1;50566;VH-CASABARBARIDADES-CP01;00:00:08.01;BGM;OK;OK;12/05/2022;Jesus;Andr√©;
CLIP1;50567;VH-CASABANHEIRAFABI-CP01;00:00:08.01;BGM;OK;OK;12/05/2022;Jesus;Andr√©;
CLIP1;50568;VH-CASAENTRELENCOIS-CP01;00:00:08.01;BGM;OK;OK;12/05/2022;Jesus;Andr√©;
CLIP1;50569;VH-CASAPERFILABERTO-CP01;00:00:08.01;BGM;OK;OK;12/05/2022;Jesus;Andr√©;Imagem Flicando - Tininha n√£o aprovou e levou para o Maurity corrigir
CLIP2;V√≠deos de Programas\Casa & Conforto\09.05.2022 Casa & Conforto I;Emily em Paris - Trailer oficial - Netflix;00:01:34.00;Voz e BGM;OK;OK;12/05/2022;Jesus;Andr√©;
CLIP2;V√≠deos de Programas\Casa & Conforto\12.05.2022 Casa & Conforto I;1205 - filme - Garotas do Calend√°rio - GooglePlay;00:01:18.00;Voz e BGM;OK;OK;12/05/2022;Jesus;Andr√©;
INFOWS;https://www.youtube.com/watch?v=O8oN0uWkCos;ASMR- SONS DE BANHO RELAXANTE üßº (creme, espuma, esponja etc);00:24:33.00;Voz;OK;OK;13/05/2022;Jesus;Andr√©;Ser√£o usados os 30 segundos inicais e/ou 30 segundos finais
INFOWS;https://www.youtube.com/watch?v=582biz81V48;Soap Carving ASMR ! Soap Cutting 1 Hour Satisfying ASMR ‚ô•Ô∏è‚ô•Ô∏è‚ô•Ô∏è;01:01:51.00;Voz;OK;OK;13/05/2022;Jesus;Andr√©;Ser√£o usados os 30 segundos inicais e/ou 30 segundos finais
INFOWS;https://www.youtube.com/watch?v=XHjBZ6zUx_8;ASMR- TE MAQUIANDO DELICADAMENTE PARA UM SONINHO;00:24:56.00;Voz;OK;OK;13/05/2022;Jesus;Andr√©;Ser√£o usados os 30 segundos inicais e/ou 30 segundos finais
CLIP2;V√≠deos de Programas\Vida Revista\13.05.2022 Vida Revista;DANCINHA TIC TOC. - ok;00:05:04.00;Voz e BGM;OK;OK;13/05/2022;Jesus;Andr√©;Movimento picotado em momentos de dan√ßa √© um efeito proposital
CLIP2;V√≠deos de Programas\Papo a Gosto\13.05.2022 Papo a Gosto;CANTINHO DO PAR√Å;00:01:42.00;Voz e BGM;OK;OK;13/05/2022;Jesus;Andr√©;
CLIP2;V√≠deos de Programas\Papo a Gosto\13.05.2022 Papo a Gosto;PAPO A GOSTO _13 - 05;00:01:22.00;Voz e BGM;OK;OK;13/05/2022;Jesus;Andr√©;
CLIP2;V√≠deos de Programas\Casa & Conforto\16.05.2022 Casa & Conforto I;COMER, REZAR, AMAR - youtube - 1605;00:01:58.00;Voz e BGM;OK;OK;16/05/2022;Jesus;Andr√©;
CLIP2;V√≠deos de Programas\Casa & Conforto\16.05.2022 Casa & Conforto I;Mariana Casanova - turism√≥loga - 1605;00:02:20.00;Voz;OK;OK;16/05/2022;Jesus;Gabriel;
CLIP1;50859;EV-MARATMARCPRO-CP01;00:00:10.00;Sem √°udio;OK;N/A;16/05/2022;Jesus;Andr√©;
CLIP1;50944;EV-MARATMARCPRO-CP02;00:00:10.00;Sem √°udio;OK;N/A;17/05/2022;Jesus;Andr√©;
CLIP2;V√≠deos de Programas\Casa & Conforto\20.05.2022 Casa & Conforto I;Thelma e Louise - youtube - 2005;00:01:55.00;Voz e BGM;OK;OK;19/05/2022;Jesus;Andr√©;
CLIP1;51040;EV-ELETROWEEK2022-CP01;00:00:10.00;Pendente;Pendente;Pendente;Pendente;Pendente;Pendente;
CLIP2;V√≠deos de Programas\Papo a Gosto\20.05.2022 Papo a Gosto;VIDEO MERCADO MUNICIPAL;00:01:23.00;Voz e BGM;OK;OK;20/05/2022;B√°rbara;Andr√©;
CLIP2;V√≠deos de Programas\Papo a Gosto\20.05.2022 Papo a Gosto;VIDEO MERCADO SANDUICHE;00:01:03:00;Voz e BGM;OK;OK;20/05/2022;B√°rbara;Andr√©;
CLIP2;V√≠deos de Programas\Especial\20.05.2022 Especial Tininha;BEM CASADOS;00:03:02.00;Voz;OK;OK;20/05/2022;Jesus;Andr√©;
CLIP2;V√≠deos de Programas\Casa & Conforto\20.05.2022 Casa & Conforto I;2005-mulheres-est√∫dio;00:00:17.00;Voz;OK;OK;20/05/2022;Jesus;Andr√©;
CLIP2;V√≠deos de Programas\Casa & Conforto\23.05.2022 Casa & Conforto I;2305 - Natalia Martins - arquiteta;00:02:05.00;Voz;OK;OK;23/05/2022;Jesus;Andr√©;
CLIP1;48677;VG-ABCH#200_CP01;00:00:15.02;BGM;OK;OK;24/05/2022;Jesus;Marcelo;
CLIP2;V√≠deos de Programas\Casa & Conforto\24.05.2022 Casa & Conforto I;2405 - filme - O espelho tem duas faces - GooglePlay;00:01:30.00;Voz e BGM;OK;OK;24/05/2022;Jesus;Andr√©;
CLIP2;V√≠deos de Programas\Casa & Conforto\25.05.2022 Casa & Conforto I;2505 - O QUE;00:00:16.00;Voz e BGM;OK;OK;25/05/2022;Jesus;Marcelo;
CLIP2;V√≠deos de Programas\Casa & Conforto\25.05.2022 Casa & Conforto I;2505 - tutorial - @organisesemfrescuras;00:00:55.00;Voz e BGM;OK;OK;25/05/2022;Jesus;Marcelo;
CLIP1;51315;VH-TUDOPARASUACASA-CP01;00:00:15.00;BGM;OK;OK;26/05/2022;Jesus;Marcelo;
CLIP2;V√≠deos de Programas\Papo a Gosto\27.05.2022 Papo a Gosto;PATROMONEO - CENTRO HISTORICO DE J. PESSOA;00:01:05.00;Voz e BGM;OK;OK;27/05/2022;Jesus;Andr√©;
CLIP2;V√≠deos de Programas\Papo a Gosto\27.05.2022 Papo a Gosto;VIDEO CLARA NUNES;00:00:32.00;Voz e BGM;OK;OK;27/05/2022;Jesus;Andr√©;
CLIP2;V√≠deos de Programas\Papo a Gosto\27.05.2022 Papo a Gosto;VIDEO JIRIMUM C JAB√Å;00:00:40.00;Voz e BGM;OK;OK;27/05/2022;Jesus;Andr√©;
CLIP1;51444;VH-BUENASDICAS_CP01;00:00:10.00;BGM;OK;OK;31/05/2022;Jesus;Cleyton;
CLIP2;V√≠deos de Programas\Casa & Conforto\31.05.2022 Casa & Conforto I;S√©rie-Desejo Sombrio;00:01:36.00;Voz e BGM;OK;OK;31/05/2022;Jesus;Cleyton;
INFOWS;https://open.spotify.com/episode/3VuZ5LBJEmFxT6b8v4B1Ol;Bem me Quis Podcast;00:00:35.00;N/A;Reprovado;Reprovado;01/06/2022;Jesus;Andr√©;Link caiu
INFOWS;https://music.amazon.com.br/podcasts/9e8af2e3-4e7f-402f-a1ba-b2352e7000d4/episodes/143a95d7-9d7c-4b61-975c-2432edb50822/bom-dia-obvious-135-talvez-voc%C3%AA-deva-escrever-sobre-isso-com-ana-holanda;#135/ talvez voc√™ deva escrever sobre isso, com Ana Holanda;00:01:00.00;Voz e BGM;OK;OK;01/06/2022;Jesus;Andr√©;
INFOWS;https://music.amazon.com.br/podcasts/f08316a4-e883-4fb5-ba77-03282535afac/episodes/5d05c4b3-e09c-43df-952c-07b32aab1f46/futebol-no-mundo-futebol-no-mundo-87-city-dominante-no-d%C3%A9rbi-arsenal-na-champions-e-real-madrid-x-psg;Futebol no Mundo #87: City dominante no d√©rbi;00:02:00.00;Voz e BGM;OK;OK;01/06/2022;Jesus;Andr√©;
CLIP2;V√≠deos de Programas\Assim √© F√°cil\01.06.2022;DIY - Como fazer JARDIM VERTICAL de madeira;00:03:25.00;Voz e BGM;OK;OK;01/06/2022;Jesus;Andr√©;
INFOWS;https://www.instagram.com/p/CePaHRcJeO2/;"üêùAstrologiaüêùNumerologiaüêùAnjos no Instagram: ‚ÄúO Podcast Bee astral voltou! 
Previs√µes semanais pra cada signo! Espero que voc√™s gostem , curtam e compartilhem‚Ä¶.üôèüßøüåà‚Äù";00:00:20.00;Voz e BGM;OK;OK;01/06/2022;Jesus;Andr√©;
INFOWS;https://www.trovaomidia.com/podcast/nos/;Podcast N√≥s - Epis√≥dio 8. Bem Se Quis;00:00:40.00;Voz e BGM;OK;OK;01/06/2022;Jesus;Andr√©;
CLIP2;V√≠deos de Programas\Casa & Conforto\03.06.2022 Casa & Conforto I;ET The Extra-Terrestrial - googlePlay - Q306;00:01:12.00;Voz e BGM;OK;OK;03/06/2022;Jesus;Andr√©;
CLIP2;V√≠deos de Programas\Papo a Gosto\03.06.2022 Papo a Gosto;VIDEO PINHAO;00:01:13.00;Voz e BGM;OK;OK;03/06/2022;Jesus;Andr√©;
CLIP2;V√≠deos de Programas\Papo a Gosto\03.06.2022 Papo a Gosto;VIDEO FESTA NACIONAL DO PINHAO;00:00:55.00;Voz e BGM;OK;OK;03/06/2022;Jesus;Andr√©;
CLIP2;V√≠deos de Programas\Especial\08.06.2022 Especial Walita;Pro Blend 6 1200W 2;00:01:15.00;BGM;OK;OK;07/06/2022;Jesus;Gabriel;
CLIP2;V√≠deos de Programas\Especial\08.06.2022 Especial Walita;Pro Blend 6 1200W;00:01:18.00;BGM;OK;OK;07/06/2022;Jesus;Gabriel;
CLIP2;V√≠deos de Programas\Especial\08.06.2022 Especial Walita;Pro Blend 6 1400W;00:01:18.00;BGM;OK;OK;07/06/2022;Jesus;Gabriel;
CLIP2;V√≠deos de Programas\Especial\08.06.2022 Especial Walita;Processador Philips Walita - PowerChop;00:00:29.00;BGM;OK;OK;07/06/2022;Jesus;Gabriel;
CLIP2;V√≠deos de Programas\Especial\08.06.2022 Especial Walita;RI7303_Branco;00:01:00.00;BGM;OK;OK;07/06/2022;Jesus;Gabriel;
CLIP2;V√≠deos de Programas\Especial\08.06.2022 Especial Walita;RI7303_Preto;00:01:00.00;BGM;OK;OK;07/06/2022;Jesus;Gabriel;
CLIP2;V√≠deos de Programas\Especial\08.06.2022 Especial Walita;WALITA_S5000_RI2240_0;00:01:15.00;BGM;OK;OK;07/06/2022;Jesus;Gabriel;
CLIP2;V√≠deos de Programas\Especial\08.06.2022 Especial Walita;WALITA_S5000_RI2240_4;00:01:15.00;BGM;OK;OK;07/06/2022;Jesus;Gabriel;
CLIP2;V√≠deos de Programas\Especial\08.06.2022 Especial Walita;WALITA_S5000_RI2240_9;00:01:15.00;BGM;OK;OK;07/06/2022;Jesus;Gabriel;
CLIP2;V√≠deos de Programas\Especial\08.06.2022 Especial Walita;WALITA_S5000_RI2242_9;00:01:18.00;BGM;OK;OK;07/06/2022;Jesus;Gabriel;
CLIP2;V√≠deos de Programas\Especial\08.06.2022 Especial Walita;WALITA_S5000_RI2244_9;00:01:18.00;BGM;OK;OK;07/06/2022;Jesus;Gabriel;
CLIP2;V√≠deos de Programas\Casa & Conforto\07.06.2022 Casa & Conforto I;A M√öSICA NUNCA PAROU - cena [Salvo automaticamente];00:01:35.00;Voz;OK;OK;07/06/2022;Jesus;Gabriel;
CLIP2;V√≠deos de Programas\Fam√≠lia Shoptime\08.06.2022 Fam√≠lia Shoptime;ESQUETE DIA DOS NAMORADO;00:06:40.00;Voz e BGM;N/A;N/A;N√£o testado;N/A;N/A;N√£o testado √† pedido da Diretora Tininha, que n√£o queria que a equipe assistisse ao v√≠deo
INFOWS;https://www.tiktok.com/@trishlikefish88/video/7064950861574950190?_t=8SwToVyFToD&_r=1;trishlikefish88;00:00:58.00;BGM;OK;OK;09/06/2022;Jesus;Andr√©;
CLIP2;V√≠deos de Programas\Casa & Conforto\09.06.2022 Casa & Conforto I;Como fazer cabeceira estofada modulada modulada | DIY PARA QUARTO F√ÅCIL;00:02:34.00;Voz e BGM;OK;OK;09/06/2022;Jesus;Andr√©;
CLIP2;V√≠deos de Programas\Papo a Gosto\09.06.2022 Papo a Gosto;EWSQUETE TEC TOY;00:03:11.00;Voz e BGM;OK;OK;09/06/2022;Jesus;Andr√©;
CLIP2;V√≠deos de Programas\Papo a Gosto\09.06.2022 Papo a Gosto;VIDEO NAMORADOS final v este 03_38;00:03:38.00;Voz e BGM;OK;OK;09/06/2022;Jesus;Andr√©;
CLIP2;V√≠deos de Programas\Casa & Conforto\10.06.2022 Casa & Conforto I;_Constela√ß√£o Clarice_ no IMS Rio _ Passeio pela exposi√ß√£o;00:06:25.00;BGM;OK;OK;09/06/2022;Jesus;Marcelo;
CLIP2;V√≠deos de Programas\Casa & Conforto\10.06.2022 Casa & Conforto I;TAG apresenta_ como tornar a vida mais m√°gica_;00:01:00.00;Voz e BGM;OK;OK;09/06/2022;Jesus;Marcelo;
CLIP2;V√≠deos de Programas\Papo a Gosto\10.06.2022 Papo a Gosto;VIDEO FESTAS JUNINAS - BAHIA MOSSORO;00:00:52.00;Voz e BGM;OK;OK;09/06/2022;Jesus;Marcelo;
CLIP2;V√≠deos de Programas\Papo a Gosto\10.06.2022 Papo a Gosto;VIDEO FESTAS JUNINAS - ARACAJU C. GRANDE CARUARU;00:00:01.21;Voz e BGM;OK;OK;09/06/2022;Jesus;Marcelo;
CLIP1;51907;EV-ARRAIADEOFERTAS_CP01;00:00:10.00;Sem a√∫dio;OK;N/A;13/06/2022;Jesus;Andr√©;
CLIP2;V√≠deos de Programas\Casa & Conforto\13.06.2022 Casa & Conforto I;Nassif Oliveira - Desginer interiores - 1306;00:01:10.00;Voz;OK;OK;13/06/2022;Jesus;Andr√©;
CLIP2;VTs e V√≠deos\VTs de Produtos;trava-de-seguranca;00:00:30.00;Voz e BGM;OK;OK;14/06/2022;Jesus;Marcelo;
CLIP2;V√≠deos de Programas\Shop Game Time Show\24.06.2022 Shop Game Time Show;aberuta - SHOPGAME TIME SHOW;00:00:07.00;BGM;OK;OK;24/06/2022;Jesus;Marcelo;
CLIP2;V√≠deos de Programas\Shop Game Time Show\24.06.2022 Shop Game Time Show;VH - CHAP√âL BALL;00:00:05.00;BGM;OK;OK;24/06/2022;Jesus;Marcelo;
CLIP2;V√≠deos de Programas\Shop Game Time Show\24.06.2022 Shop Game Time Show;VH - FA√áA VC MESMO;00:00:05.00;BGM;OK;OK;24/06/2022;Jesus;Marcelo;
CLIP2;V√≠deos de Programas\Shop Game Time Show\24.06.2022 Shop Game Time Show;VH - JG DO COPO;00:00:05.00;BGM;OK;OK;24/06/2022;Jesus;Marcelo;
CLIP2;V√≠deos de Programas\Papo a Gosto\24.06.2022 Papo a Gosto;FESTAS REGIAO SUDESTE;00:02:02.00;Voz e BGM;OK;OK;24/06/2022;Jesus;Marcelo;
CLIP2;V√≠deos de Programas\Casa & Conforto\24.06.2022 Casa & Conforto I;Filme-Gonzaga De Pai pra Filho-NETFLIX;00:02:59.00;Voz e BGM;OK;OK;24/06/2022;Jesus;Marcelo;
CLIP2;V√≠deos de Programas\Vida Revista\27.06.2022 Vida Revista;CH√ÅS e Canecas Ziman (1);00:01:53.00;BGM;OK;OK;27/06/2022;Jesus;Marcelo;
CLIP2;V√≠deos de Programas\Vida Revista\27.06.2022 Vida Revista;CLIPPLAY Ziman Spa  lan√ßamento;00:00:10.00;Sem √°udio;OK;N/A;27/06/2022;Jesus;Marcelo;
CLIP2;V√≠deos de Programas\Casa & Conforto\01.07.2022 Casa & Conforto I;Kamilla Barcellos Lisb√¥a - terapeuta holistica;00:01:43.00;Voz;OK;OK;30/06/2022;Jesus;Andr√©;
CLIP2;V√≠deos de Programas\Papo a Gosto\01.07.2022 Papo a Gosto;CURURU;00:01:28.00;Voz e BGM;OK;OK;01/07/2022;Bruno;Andr√©;
CLIP2;V√≠deos de Programas\Papo a Gosto\01.07.2022 Papo a Gosto;PEQUI;00:00:51.00;Voz e BGM;OK;OK;01/07/2022;Bruno;Andr√©;
CLIP1;52579;EV-INVERNOMDC_CP01;00:00:10.00;Sem √°udio;OK;N/A;04/07/2022;Jesus;Andr√©;
CLIP2;VTs e V√≠deos\VTs de Produtos;Panela de Press√£o Rochedo Clipso Revestida;00:00:50.00;Voz e BGM;OK;OK;05/07/2022;Jesus;Marcelo;
CLIP1;52746;EV-BONIVERCCECP_CP01;00:00:10.00;Sem √°udio;OK;N/A;06/07/2022;Jesus;Marcelo;
CLIP1;52749;3555664468_CP01;00:01:25.00;BGM;OK;OK;07/07/2022;Jesus;Gabriel;
CLIP2;V√≠deos de Programas\Fam√≠lia Shoptime\02.08.2022 Familia Shoptime;Escorredor de prato_Fam√≠lia Shoptime;00:02:18.00;Voz e BGM;OK;OK;02/08/2022;Jesus;Andr√©;
CLIP2;V√≠deos de Programas\Fam√≠lia Shoptime\03.08.2022 Fam√≠lia Shoptime;its man_Familia Shoptime;00:02:39.00;Voz e BGM;OK;OK;02/08/2022;Jesus;Andr√©;
CLIP2;V√≠deos de Programas\Conectados\02.08.2022 Conectados;DIA DOS PAIS - BAL√â;00:00:31.00;Voz;OK;OK;02/08/2022;Jesus;Andr√©;
CLIP2;V√≠deos de Programas\Conectados\02.08.2022 Conectados;DIA DOS PAIS - BATOM LARANJA;00:00:15.00;Voz;OK;OK;02/08/2022;Jesus;Andr√©;
CLIP2;V√≠deos de Programas\Conectados\02.08.2022 Conectados;DIA DOS PAIS - DANCINHA EM P√â;00:00:15.00;Voz;OK;OK;02/08/2022;Jesus;Andr√©;
CLIP2;V√≠deos de Programas\Conectados\02.08.2022 Conectados;DIA DOS PAIS - DINOSSAURO;00:00:19.00;Voz;OK;OK;02/08/2022;Jesus;Andr√©;
CLIP2;V√≠deos de Programas\Conectados\02.08.2022 Conectados;DIA DOS PAIS - MAQUIAGEM NO PAPAI;00:00:11.00;Voz;OK;OK;02/08/2022;Jesus;Andr√©;
CLIP2;V√≠deos de Programas\Shop Game Time Show;Toalha Brontossauro;00:00:48.00;Sem √°udio;OK;N/A;03/08/2022;Jesus;Andr√©;
CLIP2;V√≠deos de Programas\Shop Game Time Show\Vinhetas\Jogos;VH - Jogo do Bicho;00:00:08.00;BGM;OK;OK;03/08/2022;Jesus;Andr√©;
CLIP2;VTs e V√≠deos\VTs de Produtos;Samsung _ Galaxy S20 FE _ Chegou o novo Galaxy S20 FE.;00:00:56.00;Voz e BGM;OK;OK;03/08/2022;Jesus;Andr√©;
CLIP2;VTs e V√≠deos\VTs de Produtos;Cafeteiras Oster¬Æ Black;00:00:38.00;Voz e BGM;OK;OK;04/08/2022;Jesus;Leonardo;
CLIP1;53693;VH-TOP03CAMPE√ïESVENDA-CP01;00:00:10.00;BGM;OK;OK;04/08/2022;Jesus;Leonardo;
CLIP2;V√≠deos de Programas\Papo a Gosto\05.08.2022 Papo a Gosto;Meia Noite em Paris;00:01:03.00;Voz e BGM;OK;OK;05/08/2022;Bruno;Andr√©;
CLIP1;53879;EV-PREMIOEBIT2022_CP02;00:01:10.01;Voz e BGM;OK;OK;10/08/2022;Jesus;Gabriel;Asset retestado √† pedido de Leandro Meneguti. Nenhum problema de sync encontrado.
CLIP2;V√≠deos de Programas\Shop Game Time Show\Vinhetas\Jogos;VH - Mopiando Por A√≠;00:00:07.00;BGM;OK;OK;10/08/2022;Jesus;Andr√©;
CLIP2;V√≠deos de Programas\Shop Game Time Show\Jogos\09.08.2022;jogo do bicho 09.08_Editado;00:00:30.00;Sem √°udio;OK;N/A;10/08/2022;Jesus;Andr√©;
CLIP1;53915;VH-CAMPPRIANDRE_CP01;00:00:10.00;Voz e BGM;OK;OK;11/08/2022;Jesus;Andr√©;
CLIP1;53916;VH-CAMPSEGANDRE_CP01;00:00:10.00;Voz e BGM;OK;OK;11/08/2022;Jesus;Andr√©;
CLIP1;53917;VH-CAMPTERANDRE_CP01;00:00:10.00;Voz e BGM;OK;OK;11/08/2022;Jesus;Andr√©;
CLIP1;53918;VH-CAMPQUAANDRE_CP01;00:00:10.00;Voz e BGM;OK;OK;11/08/2022;Jesus;Andr√©;
CLIP1;53919;VH-CAMPQUIANDRE_CP01;00:00:10.00;Voz e BGM;OK;OK;11/08/2022;Jesus;Andr√©;
CLIP1;53920;VH-CAMPSEXANDRE_CP01;00:00:10.00;Voz e BGM;OK;OK;11/08/2022;Jesus;Andr√©;
CLIP1;53921;VH-CAMPSETANDRE_CP01;00:00:10.00;Voz e BGM;OK;OK;11/08/2022;Jesus;Andr√©;
CLIP1;53922;VH-CAMPOITANDRE_CP01;00:00:10.00;Voz e BGM;OK;OK;11/08/2022;Jesus;Andr√©;
CLIP1;53923;VH-CAMPNONANDRE_CP01;00:00:10.00;Voz e BGM;OK;OK;11/08/2022;Jesus;Andr√©;
CLIP1;53924;VH-CAMPDECANDRE_CP01;00:00:10.00;Voz e BGM;OK;OK;11/08/2022;Jesus;Andr√©;
CLIP1;53925;VH-CAMPPRIDAVI_CP01;00:00:10.00;Voz e BGM;OK;OK;11/08/2022;Jesus;Andr√©;
CLIP1;53926;VH-CAMPSEGDAVI_CP01;00:00:10.00;Voz e BGM;OK;OK;11/08/2022;Jesus;Andr√©;
CLIP1;53927;VH-CAMPTERDAVI_CP01;00:00:10.00;Voz e BGM;OK;OK;11/08/2022;Jesus;Andr√©;
CLIP1;53928;VH-CAMPQUADAVI_CP01;00:00:10.00;Voz e BGM;OK;OK;11/08/2022;Jesus;Andr√©;
CLIP1;53929;VH-CAMPQUIDAVI_CP01;00:00:10.00;Voz e BGM;OK;OK;11/08/2022;Jesus;Andr√©;
CLIP1;53930;VH-CAMPSEXDAVI_CP01;00:00:10.00;Voz e BGM;OK;OK;11/08/2022;Jesus;Andr√©;
CLIP1;53931;VH-CAMPSETDAVI_CP01;00:00:10.00;Voz e BGM;OK;OK;11/08/2022;Jesus;Andr√©;
CLIP1;53932;VH-CAMPOITDAVI_CP01;00:00:10.00;Voz e BGM;OK;OK;11/08/2022;Jesus;Andr√©;
CLIP1;53933;VH-CAMPNONDAVI_CP01;00:00:10.00;Voz e BGM;OK;OK;11/08/2022;Jesus;Andr√©;
CLIP1;53934;VH-CAMPDECDAVI_CP01;00:00:10.00;Voz e BGM;OK;OK;11/08/2022;Jesus;Andr√©;
CLIP1;53935;VH-CAMPPRIRENATA_CP01;00:00:10.00;Voz e BGM;OK;OK;11/08/2022;Jesus;Andr√©;
CLIP1;53936;VH-CAMPSEGRENATA_CP01;00:00:10.00;Voz e BGM;OK;OK;11/08/2022;Jesus;Andr√©;
CLIP1;53937;VH-CAMPTERRENATA_CP01;00:00:10.00;Voz e BGM;OK;OK;11/08/2022;Jesus;Andr√©;
CLIP1;53938;VH-CAMPQUARENATA_CP01;00:00:10.00;Voz e BGM;OK;OK;11/08/2022;Jesus;Andr√©;
CLIP1;53939;VH-CAMPQUIRENATA_CP01;00:00:10.00;Voz e BGM;OK;OK;11/08/2022;Jesus;Andr√©;
CLIP1;53940;VH-CAMPSEXRENATA_CP01;00:00:10.00;Voz e BGM;OK;OK;11/08/2022;Jesus;Andr√©;
CLIP1;53941;VH-CAMPSETRENATA_CP01;00:00:10.00;Voz e BGM;OK;OK;11/08/2022;Jesus;Andr√©;
CLIP1;53942;VH-CAMPOITRENATA_CP01;00:00:10.00;Voz e BGM;OK;OK;11/08/2022;Jesus;Andr√©;
CLIP1;53943;VH-CAMPNONRENATA_CP01;00:00:10.00;Voz e BGM;OK;OK;11/08/2022;Jesus;Andr√©;
CLIP1;53944;VH-CAMPDECRENATA_CP01;00:00:10.00;Voz e BGM;OK;OK;11/08/2022;Jesus;Andr√©;
CLIP2;VTs e V√≠deos\VTs de Produtos;Fatiador Espiral 5 L√¢minas;00:01:45.00;BGM;OK;OK;11/08/2022;Jesus;Andr√©;
CLIP2;VTs e V√≠deos\VTs de Produtos\Karcher;Animacao-Dia-dos-Pais-Karcher;00:00:43.00;Voz e BGM;OK;OK;11/08/2022;Jesus;Andr√©;
CLIP2;VTs e V√≠deos\VTs de Produtos\Karcher;ILUSTRAS DA KARCHER K1 - Nova Lavadora de Alta Press√£o K1 FLEX [K√ÑRCHER];00:00:39.00;BGM;OK;OK;11/08/2022;Jesus;Andr√©;
CLIP2;VTs e V√≠deos\VTs de Produtos\Karcher;ILUSTRAS E DESENVOLVIMENTO F√ÅBRICA - Institucional K√§rcher Brasil;00:02:41.00;BGM;OK;OK;11/08/2022;Jesus;Andr√©;
CLIP2;VTs e V√≠deos\VTs de Produtos\Karcher;ILUSTRAS KARCHER K5 Lavadora de Alta Press√£o Karcher K5 - Uni√£o de Efici√™ncia e qualidade;00:02:24.00;BGM;OK;OK;11/08/2022;Jesus;Andr√©;
CLIP2;VTs e V√≠deos\VTs de Produtos\Karcher;VT ECONOMIA KARCHER X MANGUEIRA CONVENCIONAL - Demonstra√ß√£o Display de Economia;00:00:53.00;Voz e BGM;OK;OK;11/08/2022;Jesus;Andr√©;
CLIP2;V√≠deos de Programas\Papo a Gosto\12.08.2022 Papo a Gosto;2 Filhos de Francisco;00:01:14.00;Voz e BGM;OK;OK;12/08/2022;Jesus;Andr√©;
CLIP2;V√≠deos de Programas\Papo a Gosto\12.08.2022 Papo a Gosto;√Ä Procura da Felicidade;00:00:53.00;Voz e BGM;OK;OK;12/08/2022;Jesus;Andr√©;
CLIP2;V√≠deos de Programas\Papo a Gosto\12.08.2022 Papo a Gosto;A Vida √© Bela;00:01:05.00;Voz e BGM;OK;OK;12/08/2022;Jesus;Andr√©;
CLIP2;V√≠deos de Programas\Papo a Gosto\12.08.2022 Papo a Gosto;Billy Elliot;00:01:07.00;Voz e BGM;OK;OK;12/08/2022;Jesus;Andr√©;
CLIP2;V√≠deos de Programas\Papo a Gosto\12.08.2022 Papo a Gosto;Paulo Goulart;00:02:23.00;Voz e BGM;OK;OK;12/08/2022;Jesus;Andr√©;
CLIP2;V√≠deos de Programas\Papo a Gosto\12.08.2022 Papo a Gosto;Rei Le√£o;00:01:05.00;Voz e BGM;OK;OK;12/08/2022;Jesus;Andr√©;
CLIP2;V√≠deos de Programas\Papo a Gosto\19.08.2022 Papo a Gosto;PAPO A GOSTO - DAMA E O VAGABUNDO;00:02:23.00;Voz e BGM;OK;OK;18/08/2022;Jesus;Andr√©;
CLIP2;54102;EV-SUACASAPRECFDC_CP01;00:00:10.01;Sem √°udio;OK;N/A;18/08/2022;Jesus;Andr√©;
CLIP1;54210;EV-SUACASAPRECFMC_CP01;00:00:10.01;Sem √°udio;OK;N/A;19/08/2022;Jesus;Andr√©;
CLIP2;V√≠deos de Programas\Fam√≠lia Shoptime\19.08.2022 Fam√≠lia Shoptime;ESQUETE 07 OSTER_QR_OK;00:05:48.00;Voz e BGM;OK;OK;19/08/2022;Jesus;Andr√©;
CLIP1;54346;EV-ELETROWEEKFEE_CP01;00:00:10.00;Sem √°udio;OK;N/A;22/08/2022;Jesus;Gabriel;
INFOWS;D:\Material Infoshop\Material Programas\Conectados\2022\23.08.2022 Buenas Dicas;buenas dicas 2308.pptx;00:01:07.00;Voz e BGM;OK;OK;23/08/2022;Jesus;Gabriel;
CLIP2;V√≠deos de Programas\Conectados\23.08.2022 Buenas Dicas;buenas dicas 2308.mp4;00:01:07.00;Voz e BGM;OK;OK;23/08/2022;Jesus;Gabriel;
CLIP2;VTs e V√≠deos\VTs de Produtos\Samsung\Windfree Ar Condicionado;Samsung _ Ar condicionado Wind Free _ E o vento acabou;00:01:00.00;BGM;OK;OK;23/08/2022;Jesus;Gabriel;
CLIP2;VTs e V√≠deos\VTs de Produtos\Samsung\Windfree Ar Condicionado;SSGACWINDMUSICFILME08_Cachorro_YOUTUBE_15s;00:00:15.00;BGM;OK;OK;23/08/2022;Jesus;Gabriel;
CLIP2;VTs e V√≠deos\VTs de Produtos\Samsung\Windfree Ar Condicionado;Tecnologia Samsung WindFree;00:03:40.00;BGM;OK;OK;23/08/2022;Jesus;Gabriel;
CLIP2;VTs e V√≠deos\VTs de Produtos\Samsung\Windfree Ar Condicionado;WindFree Samsung;00:00:30.00;BGM;OK;OK;23/08/2022;Jesus;Gabriel;
CLIP2;VTs e V√≠deos\VTs de Produtos\Samsung\Windfree Ar Condicionado;WindFree_ O clima perfeito e sem vento. Fast Cooling;00:00:10.00;BGM;OK;OK;23/08/2022;Jesus;Gabriel;
CLIP2;VTs e V√≠deos\VTs de Produtos\Samsung\Windfree Ar Condicionado;WindFree_ O clima perfeito e sem vento. Modo WindFree;00:00:10.00;BGM;OK;OK;23/08/2022;Jesus;Gabriel;
CLIP2;V√≠deos de Programas\Fam√≠lia Shoptime\25.08.2022 Fam√≠lia Shoptime;Viagem da fam√≠lia Shoptime;00:03:57.00;Voz e BGM;OK;OK;25/08/2022;Jesus;Andr√©;
CLIP2;V√≠deos de Programas\Fam√≠lia Shoptime\25.08.2022 Fam√≠lia Shoptime;Viagem da fam√≠lia Shoptime;00:03:56.00;Voz e BGM;OK;OK;26/08/2022;Jesus;Marcelo;Arquivo substitu√≠do √† pedido da edi√ß√£o
CLIP2;V√≠deos de Programas\Papo a Gosto\25.08.2022 Papo a Gosto;Mulheres √† Beira de um Ataque de Nervos_Papo a Gosto;00:01:19.00;Voz e BGM;OK;OK;26/08/2022;Jesus;Marcelo;
CLIP1;54570;EV-BLACKOFERTAS2022_CP01;00:00:10.00;Sem √°udio;OK;N/A;29/08/2022;Jesus;Andr√©;
CLIP1;54584;VT-CHALEIRAELETRICA_CP01;00:01:15.00;BGM;OK;OK;30/08/2022;Jesus;Andr√©;
CLIP2;V√≠deos de Programas\Casa & Conforto\30.08.2022 Grava√ß√£o Ghost;ASSALTO;00:01:10.00;Voz e BGM;OK;OK;30/08/2022;Jesus;Andr√©;
CLIP2;V√≠deos de Programas\Casa & Conforto\30.08.2022 Grava√ß√£o Ghost;CHORO;00:00:53.00;Voz e BGM;OK;OK;30/08/2022;Jesus;Andr√©;
CLIP2;V√≠deos de Programas\Casa & Conforto\30.08.2022 Grava√ß√£o Ghost;MOEDA;00:00:12.00;Voz e BGM;OK;OK;30/08/2022;Jesus;Andr√©;
CLIP2;V√≠deos de Programas\Casa & Conforto\30.08.2022 Grava√ß√£o Ghost;ODA;00:01:15.00;Voz e BGM;OK;OK;30/08/2022;Jesus;Andr√©;
CLIP2;V√≠deos de Programas\Casa & Conforto\30.08.2022 Grava√ß√£o Ghost;Trailer - Ghost - Do Outro Lado da Vida (1990);00:03:45.00;Voz e BGM;OK;OK;30/08/2022;Jesus;Andr√©;
CLIP2;V√≠deos de Programas\Casa & Conforto\30.08.2022 Grava√ß√£o Ghost;Unchained Melody;00:03:05.00;BGM;OK;OK;30/08/2022;Jesus;Andr√©;
CLIP2;V√≠deos de Programas\Fam√≠lia Shoptime\29.07.2022 Fam√≠lia Shoptime;Cozinhando com Andrea Bueno;00:08:08.00;Voz e BGM;OK;OK;31/09/22;Jesus;Andr√©;
CLIP2;V√≠deos de Programas\Fam√≠lia Shoptime\19.08.2022 Fam√≠lia Shoptime;Esquete Oster;00:05:48.00;Voz e BGM;OK;OK;31/09/22;Jesus;Andr√©;
CLIP2;V√≠deos de Programas\Fam√≠lia Shoptime\09.06.2022 Fam√≠lia Shoptime;Esquete Tec Toy;00:03:41.00;Voz e BGM;OK;OK;31/09/22;Jesus;Andr√©;
CLIP2;V√≠deos de Programas\Fam√≠lia Shoptime\08.08.2022 Fam√≠lia Shoptime;Na duvida do que comprar no dia dos Pais;00:06:59.00;Voz e BGM;OK;OK;31/09/22;Jesus;Andr√©;
CLIP2;V√≠deos de Programas\Fam√≠lia Shoptime\25.08.2022 Fam√≠lia Shoptime;Viagem da fam√≠lia Shoptime;00:03:56.00;Voz e BGM;OK;OK;31/09/22;Jesus;Andr√©;
CLIP2;V√≠deos de Programas\Fam√≠lia Shoptime\02.08.2022 Fam√≠lia Shoptime;Escorredor de prato_Familia Shoptime;00:02:18.00;Voz e BGM;OK;OK;31/09/22;Jesus;Andr√©;
CLIP2;V√≠deos de Programas\Fam√≠lia Shoptime\02.08.2022 Fam√≠lia Shoptime;its man_Familia Shoptime;00:02:39.00;Voz e BGM;OK;OK;31/09/22;Jesus;Andr√©;
CLIP1;54699;EV-TUDOPSCASAFPUD_CP01;00:00:10.00;Sem a√∫dio;OK;N/A;02/09/2022;Jesus;Gabriel;
CLIP1;54714;EV-TUDOPSCASAFCE_CP01;00:00:10.00;Sem √°udio;OK;N/A;02/09/2022;Jesus;Andr√©;
CLIP2;V√≠deos de Programas\Chef em Casa\05.09.2022 Chef em Casa;FEIRA MISTURA;00:00:14.00;Sem √°udio;OK;N/A;05/09/2022;Jesus;Andr√©;V√≠deo possui √°udio de fundo sem utilidade, orienta√ß√µes foram de rodar sem √°udio.
CLIP2;V√≠deos de Programas\Casa & Conforto\05.09.2022 Casa & Conforto I;Lore sb anivers√°rio Babi;00:00:06.00;Voz;OK;OK;05/09/2022;Jesus;Andr√©;
CLIP2;V√≠deos de Programas\Casa & Conforto\05.09.2022 Casa & Conforto I;SONORA PAIS BABI_corrigido;00:00:52.00;Voz;OK;OK;05/09/2022;Jesus;Andr√©;
CLIP1;54731;VT-CHINELOPANTUFA_CP01;00:01:00.00;BGM;OK;OK;06/09/2022;Jesus;Andr√©;
CLIP1;51315;VH-TUDOPARASUACASA-CP01;00:00:15.00;BGM;OK;OK;06/09/2022;Jesus;Andr√©;Vinheta entre durante o vivo, minutos antes do programa entrar no ar em sua estr√©ia.
CLIP1;54746;EV-SEMANACLIENTE22_CP01;00:00:10.00;Sem √°udio;OK;N/A;07/09/2022;Jesus;Andr√©;
CLIP2;V√≠deos de Programas\Casa & Conforto\08.09.2022 Casa & Conforto I;Glenya Taynara - @gletayy - PAPEL CREPON;00:01:50.00;Voz e BGM;OK;OK;08/09/2022;Jesus;Marcelo Maurity;
CLIP2;V√≠deos de Programas\Casa & Conforto\08.09.2022 Casa & Conforto I;DICAS DECORA√á√ÉO;00:00:16.00;Voz e BGM;OK;OK;08/09/2022;Jesus;Marcelo Maurity;
CLIP2;V√≠deos de Programas\Casa & Conforto\08.09.2022 Casa & Conforto I;Glenya Taynara - @gletayy - FITA VARANDA;00:00:25.00;Voz e BGM;OK;OK;08/09/2022;Jesus;Marcelo Maurity;
CLIP2;V√≠deos de Programas\Dia do Cliente\09.09.2022 - Grava√ß√£o;Conectados;00:01:57.00;Voz e BGM;OK;OK;09/09/2022;Jesus;Andr√©;
CLIP2;V√≠deos de Programas\Dia do Cliente\09.09.2022 - Grava√ß√£o;VT CASA E CONFORTO;00:07:06.00;Voz e BGM;OK;OK;09/09/2022;Jesus;Andr√©;
CLIP2;V√≠deos de Programas\Dia do Cliente\09.09.2022 - Grava√ß√£o;VT FLAVIA;00:08:22.00;Voz e BGM;OK;OK;09/09/2022;Jesus;Andr√©;N√£o testado na √≠ntegra por falta de tempo, material entregue muito tarde
CLIP2;V√≠deos de Programas\Dia do Cliente\09.09.2022 - Grava√ß√£o;VT INICIO;00:11:26.00;Voz e BGM;OK;OK;09/09/2022;Jesus;Andr√©;N√£o testado na √≠ntegra por falta de tempo, material entregue muito tarde
CLIP2;V√≠deos de Programas\Papo a Gosto\09.09.2022 Papo a Gosto;Bar Chanchada;00:00:58.00;Voz e BGM;OK;OK;09/09/2022;Jesus;Andr√©;
CLIP2;V√≠deos de Programas\Papo a Gosto\09.09.2022 Papo a Gosto;Candido Portinari;00:01:06.00;Voz e BGM;OK;OK;09/09/2022;Jesus;Andr√©;
CLIP2;V√≠deos de Programas\Papo a Gosto\09.09.2022 Papo a Gosto;Rabo de Galo;00:01:38.00;Voz e BGM;OK;OK;09/09/2022;Jesus;Andr√©;
CLIP2;V√≠deos de Programas\Tudo para sua Casa\Vinhetas;VH - Tudo para sua Casa;00:00:15.00;BGM;OK;OK;12/09/2022;Jesus;Andr√©;
CLIP2;V√≠deos de Programas\Casa & Conforto\12.09.2022 Casa & Conforto I;Elton John - Can You Feel the Love Tonight;00:04:06.00;BGM;OK;OK;12/09/2022;Jesus;Andr√©;
CLIP2;V√≠deos de Programas\Casa & Conforto\12.09.2022 Casa & Conforto I;O Rei Le√£o - Trailer 2019;00:01:10.00;Voz e BGM;OK;OK;12/09/2022;Jesus;Andr√©;
CLIP2;V√≠deos de Programas\Casa & Conforto\12.09.2022 Casa & Conforto I;OFF - REI LE√ÉO;00:00:31.00;Sem √°udio;OK;N/A;12/09/2022;Jesus;Andr√©;V√≠deo possui √°udio picotado, mas ser√° rodado em OFF
CLIP2;VTs e V√≠deos\VTs de Produtos;Conhe√ßa nos novos Roomba s√©rie 600 _ iRobot Brasil;00:00:49.00;Voz e BGM;OK;OK;13/09/2022;Jesus;Andr√©;
CLIP2;V√≠deos de Programas\Shop Game Time Show\Vinhetas\Jogos;VH - Balan√ßa, Mas Cai;00:00:05.00;BGM;OK;OK;14/09/2022;Jesus;Andr√©;
CLIP2;V√≠deos de Programas\Casa & Conforto\16.09.2022 Casa & Conforto I;1609 - CHOCOTEL;00:00:35.00;BGM;OK;OK;15/09/2022;Jesus;Marcelo;
CLIP2;V√≠deos de Programas\Casa & Conforto\16.09.2022 Casa & Conforto I;GRAMADO CANELA PORTO ALEGRE;00:02:53.00;BGM;OK;OK;15/09/2022;Jesus;Marcelo;
CLIP1;54843;VT-CHALEIRAELETRICA_CP02;00:01:20.03;BGM*;OK;OK;15/09/2022;Jesus;Marcelo;Vinheta com voz no final
CLIP1;54844;VT-AMAZONIANEWFACE_CP01;00:02:00.00;BGM*;OK;OK;15/09/2022;Jesus;Marcelo;Vinheta com voz no final
CLIP2;V√≠deos de Programas\Papo a Gosto\09.09.2022 Papo a Gosto;ALDIR BLANC;00:01:49.00;Voz e BGM;OK;OK;16/09/2022;Bruno;Andr√©;
CLIP2;V√≠deos de Programas\Papo a Gosto\09.09.2022 Papo a Gosto;BAR DO MOMO;00:01:50.00;Voz e BGM;OK;OK;16/09/2022;Bruno;Andr√©;
CLIP2;V√≠deos de Programas\Vida Revista\16.09.2022 Vida Revista;1 - Quem sou eu - Apresenta√ß√£o;00:00:43.00;Voz;OK;OK;16/09/2022;Jesus;Andr√©;
CLIP2;V√≠deos de Programas\Vida Revista\16.09.2022 Vida Revista;2 - O que √© considerada uma perna saud√°vel e bonita;00:01:58.00;Voz;OK;OK;16/09/2022;Jesus;Andr√©;
CLIP2;V√≠deos de Programas\Vida Revista\16.09.2022 Vida Revista;3 - Dicas e cuidados;00:01:42.00;Voz;OK;OK;16/09/2022;Jesus;Andr√©;
CLIP2;V√≠deos de Programas\Vida Revista\16.09.2022 Vida Revista;Autoestima e hist√≥rias;00:02:08.00;Voz;OK;OK;16/09/2022;Jesus;Andr√©;
CLIP2;V√≠deos de Programas\Vida Revista\16.09.2022 Vida Revista;Dicas para quem tem varizes;00:01:45.00;Voz;OK;OK;16/09/2022;Jesus;Andr√©;
CLIP2;V√≠deos de Programas\Vida Revista\16.09.2022 Vida Revista;Finaliza√ß√£o - Agradecimentos e despedidas;00:01:23.00;Voz;OK;OK;16/09/2022;Jesus;Andr√©;
CLIP2;V√≠deos de Programas\Vida Revista\16.09.2022 Vida Revista;Maiores queixas;00:03:15.00;Voz;OK;OK;16/09/2022;Jesus;Andr√©;
CLIP2;V√≠deos de Programas\Vida Revista\16.09.2022 Vida Revista;O que s√£o varizes, principais causas e fatores de risco;00:03:17.00;Voz;OK;OK;16/09/2022;Jesus;Andr√©;
CLIP2;V√≠deos de Programas\Vida Revista\16.09.2022 Vida Revista;Per√≠odo menstrual;00:00:53.00;Voz;OK;OK;16/09/2022;Jesus;Andr√©;
CLIP2;V√≠deos de Programas\Vida Revista\16.09.2022 Vida Revista;T√©cnicas e tratamentos;00:01:16.00;Voz;OK;OK;16/09/2022;Jesus;Andr√©;
CLIP2;V√≠deos de Programas\Conectados\16.09.2022 Conectados;Harry Potter e as Rel√≠quias da Morte - Trailer Teaser (legendado) [HD];00:02:01.00;Voz e BGM;OK;OK;19/09/2022;Jesus;Marcelo;
CLIP2;V√≠deos de Programas\Conectados\16.09.2022 Conectados;Moulin rouge - Espetaculo;00:01:20.00;Voz e BGM;OK;OK;19/09/2022;Jesus;Marcelo;
CLIP2;V√≠deos de Programas\Conectados\16.09.2022 Conectados;O Fantasma da √ìpera;00:01:33.00;Voz e BGM;OK;OK;19/09/2022;Jesus;Marcelo;
CLIP2;V√≠deos de Programas\Conectados\16.09.2022 Conectados;ROMEU E JULIETA;00:01:50.00;Voz e BGM;OK;OK;19/09/2022;Jesus;Marcelo;
CLIP2;V√≠deos de Programas\Casa & Conforto\19.09.2022 Casa & Conforto I;KATY E WILLIAN;00:00:25.00;Voz e BGM;OK;OK;19/09/2022;Jesus;Marcelo;
CLIP2;V√≠deos de Programas\Casa & Conforto\19.09.2022 Casa & Conforto I;The Crown - Trailer principal;00:02:36.00;Voz e BGM;OK;OK;19/09/2022;Jesus;Marcelo;
CLIP2;VTs e V√≠deos\VTs de Produtos;AIR FRYER √â MONDIAL Rodrigo Hilbert;00:00:52.00;Voz e BGM;OK;OK;19/09/2022;Jesus;Marcelo;
CLIP1;54746;EV-SEMANACLIENTE22_CP01;00:00:10.00;Sem √°udio;OK;OK;19/09/2022;Jesus;Gabriel;
CLIP1;54867;EV-DIADTV2022-01A;00:00:35.00;Voz e BGM;OK;OK;20/09/2022;Jesus;Andr√©;
CLIP1;54898;EV-PREPDIACRIANCA_CP01;00:00:10.00;Sem √°udio;OK;OK;21/09/2022;Jesus;Marcelo;
CLIP2;VTs e V√≠deos\VTs de Produtos;Rob√¥ Aspirador de P√≥ Mondial - RB-04;00:02:03.00;Voz e BGM;OK;OK;21/09/2022;Jesus;Marcelo;
CLIP2;V√≠deos de Programas\Fam√≠lia Shoptime\22.09.2022 Fam√≠lia Shoptime;PIQUINIQUE_FAMILIA SHOPTIME;00:03:33.00;Voz e BGM;OK;OK;22/09/2022;Jesus;Andr√©;
CLIP2;V√≠deos de Programas\Papo a Gosto\22.09.2022 Papo a Gosto;Gamboa Boa Papo a Gosto;00:01:31.00;Voz e BGM;OK;OK;22/09/2022;Jesus;Andr√©;
CLIP2;V√≠deos de Programas\Papo a Gosto\23.09.2022 Papo a Gosto;Bode do N√≥;00:01:14.00;Voz e BGM;OK;OK;23/09/2022;Jesus;Andr√©;
CLIP2;V√≠deos de Programas\Casa & Conforto\26.09.2022 Casa & Conforto I;comercial - Bruna e Carlos jota tapetes;00:00:54.00;Voz e BGM;OK;OK;26/09/2022;Jesus;Marcelo;
CLIP2;V√≠deos de Programas\Casa & Conforto\26.09.2022 Casa & Conforto I;comercial - Carlos e Bruna - HIDRATANTE ELLE ELLA;00:00:30.00;Voz e BGM;OK;OK;26/09/2022;Jesus;Marcelo;
CLIP2;V√≠deos de Programas\Casa & Conforto\26.09.2022 Casa & Conforto I;GENTE E EXPRESS√ÉO - Mariah Carey;00:01:07.00;Voz e BGM;OK;OK;26/09/2022;Jesus;Marcelo;
CLIP2;V√≠deos de Programas\Casa & Conforto\26.09.2022 Casa & Conforto I;NOVELA ARITANA - Bruna e Carlos Ricelli;00:02:51.00;Voz e BGM;OK;OK;26/09/2022;Jesus;Marcelo;
CLIP2;V√≠deos de Programas\Casa & Conforto\26.09.2022 Casa & Conforto I;Riacho Doce;00:01:23.00;Voz e BGM;OK;OK;26/09/2022;Jesus;Marcelo;
CLIP2;V√≠deos de Programas\Casa & Conforto\26.09.2022 Casa & Conforto I;RICHO DOCE;00:01:23.00;Voz e BGM;OK;OK;26/09/2022;Jesus;Marcelo;
CLIP2;V√≠deos de Programas\Casa & Conforto\26.09.2022 Casa & Conforto I;Roda de Fogo (1986)  casal Renato Villar e L√∫cia Brand√£o;00:01:48.00;Voz e BGM;OK;OK;26/09/2022;Jesus;Marcelo;
CLIP2;V√≠deos de Programas\Casa & Conforto\26.09.2022 Casa & Conforto I;VALE TUDO;00:00:20.00;Voz e BGM;OK;OK;26/09/2022;Jesus;Marcelo;
CLIP2;V√≠deos de Programas\Conectados\26.09.2022 Conectados;agachamento aparelho;00:00:33.00;Sem √°udio;Reprovado;N/A;26/09/2022;Jesus;Marcelo;
CLIP2;V√≠deos de Programas\Conectados\26.09.2022 Conectados;agachamento no ch√£o;00:00:10.00;Sem √°udio;Reprovado;N/A;26/09/2022;Jesus;Marcelo;
CLIP2;V√≠deos de Programas\Conectados\26.09.2022 Conectados;circuiro online + alunos;00:00:41.00;BGM;OK;OK;26/09/2022;Jesus;Marcelo;
CLIP2;V√≠deos de Programas\Conectados\26.09.2022 Conectados;circuito;00:00:36.00;BGM;OK;OK;26/09/2022;Jesus;Marcelo;
CLIP2;V√≠deos de Programas\Conectados\26.09.2022 Conectados;pai e filho;00:00:14.00;Sem √°udio;OK;N/A;26/09/2022;Jesus;Marcelo;
CLIP1;54944;EV-NIVERFKLC2022_CP01;00:00:10.00;Sem √°udio;OK;N/A;26/09/2022;Jesus;Gabriel;
CLIP2;V√≠deos de Programas\Shop Game Time Show\Jogos\24.06.2022 Shop Game Time Show;Arraia - 2809;00:00:23.00;Sem √°udio;OK;N/A;28/09/2022;Jesus;Marcelo;
CLIP2;VTs e V√≠deos\VTs de Produtos;Desafio_ Caminh√£o vs Colch√£o - Ser√° que deu ruim_ - BF Colch√µes;00:01:40.00;Voz e BGM;OK;OK;28/09/2022;Jesus;Marcelo;
CLIP2;Para Teste;PAELLA DE FRUTO DO MAR_OK;00:04:58.00;BGM;OK;OK;29/09/2022;Jesus;Marcelo;
CLIP2;V√≠deos de Programas\Papo a Gosto\29.09.2022 Papo a Gosto;Arca de no√©;00:01:09.00;Voz e BGM;OK;OK;29/09/2022;Jesus;Marcelo;
CLIP2;V√≠deos de Programas\Papo a Gosto\29.09.2022 Papo a Gosto;Plunct Plact Zum;00:01:24.00;Voz e BGM;OK;OK;29/09/2022;Jesus;Marcelo;
CLIP2;V√≠deos de Programas\Papo a Gosto\29.09.2022 Papo a Gosto;Adriana Partimpim;00:01:08.00;Voz e BGM;OK;OK;29/09/2022;Jesus;Andr√©;
CLIP2;V√≠deos de Programas\Papo a Gosto\30.09.2022 Papo a Gosto Off;Amalia Rodrigues-Papo a Gosto;00:01:46.00;Voz e BGM;OK;OK;29/09/2022;Jesus;Marcelo;
CLIP2;V√≠deos de Programas\Papo a Gosto\30.09.2022 Papo a Gosto Off;O Caranguejo - Papo a Gosto;00:00:59.00;Voz e BGM;OK;OK;29/09/2022;Jesus;Marcelo;
CLIP1;55028;EV-TUDOPSUACASA22_CP01;00:00:10.00;Sem √°udio;OK;N/A;03/10/2022;Jesus;Gabriel;
CLIP2;V√≠deos de Programas\Conectados\03.10.2022 Conectados;Ilustra Filme;00:00:20.00;Sem √°udio;OK;N/A;03/10/2022;Jesus;Gabriel;
CLIP2;V√≠deos de Programas\Conectados\03.10.2022 Conectados;VT Apresenta√ß√£o;00:01:03.00;Voz;OK;OK;03/10/2022;Jesus;Gabriel;
CLIP1;55040;VT-CHINELOPANTUFA_CP02;00:01:00.00;BGM;OK;OK;05/10/2022;Jesus;Marcelo;Vinheta sonorizada no final
CLIP1;55042;VT-CHALEIRABICOFINO_CP02;00:01:15.00;BGM;OK;OK;05/10/2022;Jesus;Marcelo;Vinheta sonorizada no final
CLIP1;55044;EV-TDPSCASAMOVEIS_CP01;00:00:10.00;Sem √°udio;OK;N/A;05/10/2022;Jesus;Marcelo;
CLIP2;VTs e V√≠deos\VTs de Produtos;Linha Basics e New Basics;00:01:16.00;BGM;OK;OK;06/10/2022;Jesus;Marcelo;
CLIP1;55060;VT-FORNOEFRITASOLEO_CP01;00:01:40.00;BGM;OK;OK;06/10/2022;Jesus;Marcelo;Vinheta sonorizada no final
CLIP1;55061;VT-MASCZIMANBYAMAZ-CP01;00:01:40.00;BGM;OK;OK;06/10/2022;Jesus;Marcelo;Vinheta sonorizada no final
CLIP1;55091;EV-SHOPCASAMIND_CP01;"00:00:10;00";Sem √°udio;OK;OK;07/10/2022;Jesus;Andr√©;
CLIP2;CLIP PLAY QUARTO CASA MIND;CLIP PLAY QUARTO CASA MIND;"00:01:30;00";Sem √°udio;OK;OK;11/10/2022;Jesus;Andr√©;
CLIP2;V√≠deos de Programas\Fam√≠lia Shoptime\11.10.2022 Fam√≠lia Shoptime;TUDO PRA SUA CASA_TOTA E PITA COM QR CODE;"00:03:35;00";Voz e BGM;OK;OK;11/10/2022;Jesus;Andr√©;
CLIP1;55179;VE-ABST_CP01;"00:00:10;00";BGM;OK;OK;24/10/2022;Jesus;Andr√©;
CLIP1;55180;VH-SHOPGAMEJGOBICHO_CP01;"00:00:05;00";Sem √°udio;OK;N/A;24/10/2022;Jesus;Andr√©;
CLIP1;55181;VH-SHOPGAMEMESTRECONF_CP01;00:00:05;00;Sem √°udio;OK;N/A;24/10/2022;Jesus;Andr√©;
CLIP1;55182;VH-SHOPGAMEMOPIANDOAI_CP01;00:00:05;00;Sem √°udio;OK;N/A;24/10/2022;Jesus;Andr√©;
CLIP1;55183;VH-SHOPGAMEQUIZZ_CP01;00:00:05;00;Sem √°udio;OK;N/A;24/10/2022;Jesus;Andr√©;
CLIP1;55186;VE-ABTC_CP01;00:00:15;00;BGM;OK;OK;24/10/2022;Jesus;Andr√©;
CLIP1;55302;EV-TUDOPSCASAELEEC_CP01;00:00:10;00;Sem √°udio;OK;N/A;24/10/2022;Jesus;Andr√©;
CLIP1;55300;VS-ASHC_CP01;00:00:07;26;BGM;OK;OK;24/10/2022;Jesus;Andr√©;
CLIP2;V√≠deos de Programas\Casa & Conforto\24.10.2022 Hist√≥rias de Casal;babi e saporetti 1;"00:00:13;00";Voz e BGM;OK;OK;24/10/2022;Jesus;Andr√©;
CLIP2;V√≠deos de Programas\Casa & Conforto\24.10.2022 Hist√≥rias de Casal;babi e saporetti 2;"00:00:08;00";Voz e BGM;OK;OK;24/10/2022;Jesus;Andr√©;
CLIP2;V√≠deos de Programas\Casa & Conforto\24.10.2022 Hist√≥rias de Casal;batendo iceberg;"00:01:05;00";Voz e BGM;OK;OK;24/10/2022;Jesus;Andr√©;
CLIP2;V√≠deos de Programas\Casa & Conforto\24.10.2022 Hist√≥rias de Casal;cena final;"00:02:34;00";Voz e BGM;OK;OK;24/10/2022;Jesus;Andr√©;
CLIP2;V√≠deos de Programas\Casa & Conforto\24.10.2022 Hist√≥rias de Casal;dan√ßando;"00:00:45;00";Voz e BGM;OK;OK;24/10/2022;Jesus;Andr√©;
CLIP2;V√≠deos de Programas\Casa & Conforto\24.10.2022 Hist√≥rias de Casal;declara√ß√£o;"00:01:43;00";Voz e BGM;OK;OK;24/10/2022;Jesus;Andr√©;
CLIP2;V√≠deos de Programas\Casa & Conforto\24.10.2022 Hist√≥rias de Casal;desenhando;"00:00:35;00";Voz e BGM;OK;OK;24/10/2022;Jesus;Andr√©;
CLIP2;V√≠deos de Programas\Casa & Conforto\24.10.2022 Hist√≥rias de Casal;musical;"00:02:46;00";BGM;OK;OK;24/10/2022;Jesus;Andr√©;
CLIP2;V√≠deos de Programas\Casa & Conforto\24.10.2022 Hist√≥rias de Casal;primeira classe;"00:00:27;00";Voz e BGM;OK;OK;24/10/2022;Jesus;Andr√©;
CLIP2;V√≠deos de Programas\Casa & Conforto\24.10.2022 Hist√≥rias de Casal;primeiro olhar;"00:00:19;00";Voz e BGM;OK;OK;24/10/2022;Jesus;Andr√©;
CLIP2;V√≠deos de Programas\Casa & Conforto\24.10.2022 Hist√≥rias de Casal;proa navio;"00:01:40;00";Voz e BGM;OK;OK;24/10/2022;Jesus;Andr√©;
CLIP1;55321;EV-SELOBLACKFRIDAY_CP01;"00:00:10;00";Sem √°udio;OK;OK;24/10/2022;Jesus;Gabriel;
CLIP2;V√≠deos de Programas\Shop Game Time Show\Vinhetas\Jogos;VH - Deixa Comigo;"00:00:07;00";BGM;OK;OK;26/10/2022;Jesus;Marcelo;
CLIP2;VTs e V√≠deos\VTs de Produtos;Puff Multiuso 3 em 1 Solteiro_OK;"00:01:35;00";Voz e BGM;OK;OK;26/10/2022;Jesus;Marcelo;
CLIP1;55335;VT-MINIMAQWAFFLEFK_CP01;"00:01:30;01";BGM;OK;OK;26/10/2022;Jesus;Marcelo;
CLIP1;55254;VS-ASIL_CP01;"00:00:07;00";BGM;OK;OK;26/10/2022;Jesus;Marcelo;
CLIP1;55236;VS-ASVL_CP01;"00:00:07;00";BGM;OK;OK;26/10/2022;Jesus;Marcelo;
CLIP1;55373;VH-OSMAISVEDIDOSMES_CP01;"00:00:10;00";Voz e BGM;OK;OK;28/10/2022;Jesus;Marcelo;
CLIP2;V√≠deos de Programas\Fam√≠lia Shoptime\19.08.2022 Fam√≠lia Shoptime;Esquete Oster;"00:05:48;00";Voz e BGM;OK;OK;28/10/2022;Jesus;Marcelo;Ligeiramente fora de sync, mas dentro do aceit√°vel.
CLIP2;V√≠deos de Programas\Papo a Gosto\28.10.2022 Papo a Gosto;Aboboras - CLIPE;"00:02:32;00";BGM;OK;OK;28/10/2022;Jesus;Marcelo;
CLIP2;V√≠deos de Programas\Papo a Gosto\28.10.2022 Papo a Gosto;O Estranho Mundo de Jack - CLIPE;"00:03:36;00";Voz e BGM;OK;OK;28/10/2022;Jesus;Marcelo;
CLIP2;V√≠deos de Programas\Papo a Gosto\28.10.2022 Papo a Gosto;PAPO A GOSTO_HORTIFRUITI;"00:06:54;00";Voz e BGM;OK;OK;28/10/2022;Jesus;Marcelo;Ligeiramente fora de sync, mas dentro do aceit√°vel.
CLIP1;55389;VE-ABST_CP02;"00:00:10;00";BGM;OK;OK;31/10/2022;Jesus;Andr√©;
CLIP1;55390;VH-SHOPGAMECOMOTEMPO_CP01;"00:00:07;00";BGM;OK;OK;31/10/2022;Jesus;Andr√©;
CLIP1;55391;VH-SHOPGAMEDEMUNDIAL_CP01;"00:00:07;00";BGM;OK;OK;31/10/2022;Jesus;Andr√©;
CLIP1;55392;VH-SHOPGAMEBABIFAZTD_CP01;"00:00:07;00";BGM;OK;OK;31/10/2022;Jesus;Andr√©;
CLIP2;VTs e V√≠deos\VTs de Produtos;Renata Pitanga - Truss Night SPA;"00:01:26;00";BGM;OK;OK;31/10/2022;Jesus;Gabriel;Retestado.
CLIP2;V√≠deos de Programas\Fam√≠lia Shoptime\31.10.2022 Fam√≠lia Shoptime;TUDO PRA SAI CASA_TOTA E PITA;"00:03:35;00";Voz e BGM;OK;OK;31/10/2022;Jesus;Gabriel;
CLIP2;VTs e V√≠deos\VTs de Produtos;Kt Electrolux com 10 potes de fechamento herm√©tico;"00:00:39;00";Sem √°udio;OK;N/A;01/11/2022;Jesus;Andr√©;
CLIP2;VTs e V√≠deos\VTs de Produtos;Panela El√©trica Rouge PAN610  Cadence;"00:01:03;00";BGM;OK;OK;01/11/2022;Jesus;Marcelo;
CLIP1;55459;VH-SHOPGAMEBALACAMAS_CP02;"00:00:05;00";BGM;OK;OK;01/11/2022;Jesus;Marcelo;
CLIP1;55460;VH-SHOPGAMECASACONFRON_CP02;"00:00:05;00";BGM;OK;OK;01/11/2022;Jesus;Marcelo;
CLIP1;55461;VH-SHOPGAMECHAPEUBALL_CP02;"00:00:05;00";BGM;OK;OK;01/11/2022;Jesus;Marcelo;
CLIP1;55462;VH-SHOPGAMEDEIXACOMIGO_CP02;"00:00:05;00";BGM;OK;OK;01/11/2022;Jesus;Marcelo;
CLIP1;55463;VH-SHOPGAMEFACAVOCE_CP02;"00:00:05;00";BGM;OK;OK;01/11/2022;Jesus;Marcelo;
CLIP1;55464;VH-SHOPGAMEIMAGEMBRO_CP02;"00:00:05;00";BGM;OK;OK;01/11/2022;Jesus;Marcelo;
CLIP1;55465;VH-SHOPGAMEJOGOCOPO_CP02;"00:00:05;00";BGM;OK;OK;01/11/2022;Jesus;Marcelo;
CLIP1;55466;VH-SHOPGAMENAOFALAQTE_CP02;"00:00:05;00";BGM;OK;OK;01/11/2022;Jesus;Marcelo;
CLIP1;55467;VH-SHOPGAMEQUALEOPROD_CP02;"00:00:05;00";BGM;OK;OK;01/11/2022;Jesus;Marcelo;
CLIP1;55468;VH-SHOPGAMERIMESEFOR_CP02;"00:00:05;00";BGM;OK;OK;01/11/2022;Jesus;Marcelo;
CLIP1;55469;VH-SHOPGAMEROUPASUJA_CP02;"00:00:05;00";BGM;OK;OK;01/11/2022;Jesus;Marcelo;
CLIP1;55470;VH-SHOPGAMELOGO_CP02;"00:00:06;00";BGM;OK;OK;01/11/2022;Jesus;Marcelo;
CLIP1;55471;VH-SHOPGAMEJGOBICHO_CP02;"00:00:05;00";BGM;OK;OK;01/11/2022;Jesus;Marcelo;
CLIP1;55472;VH-SHOPGAMEMOPIANDOAI_CP02;"00:00:05;00";BGM;OK;OK;01/11/2022;Jesus;Marcelo;
CLIP1;55473;VH-SHOPGAMEQUIZZ_CP02;"00:00:05;00";BGM;OK;OK;01/11/2022;Jesus;Marcelo;
CLIP1;55474;VH-SHOPGAMEMESTRECONF_CP02;"00:00:05;00";BGM;OK;OK;01/11/2022;Jesus;Marcelo;
CLIP2;V√≠deos de Programas\O Povo Fala\03.11.2022 O Povo Fala;POVO FALA_HORTIFRUTI;"00:02:20;00";Voz e BGM;OK;OK;03/11/2022;Bruno;Gabriel;
CLIP1;55493;VH-EMBARQUECOMFABI_CP01;"00:00:08;00";BGM;OK;OK;04/11/2022;Jesus;Marcelo;
CLIP1;55495;VH-DAVIEXPRESS_CP01;"00:00:07;00";BGM;OK;OK;04/11/2022;Jesus;Marcelo;
CLIP2;V√≠deos de Programas\Papo a Gosto\04.11.2022 Papo a Gosto;ARROZ_CLIPE;"00:03:25;00";BGM;OK;OK;03/11/2022;Jesus;Marcelo;
CLIP2;VTs e V√≠deos\VTs de Produtos;ESCOVA ALISADORA GA.MA ITALY INNOVA NANO CERAMIC ION;"00:00:38;00";BGM;OK;OK;07/11/2022;Jesus;Gabriel;
CLIP1;55530;VH-MUNDIALDAFLAVIA_CP01;"00:00:06;00";BGM;OK;OK;08/11/2022;Jesus;Marcelo;
CLIP1;55540;VH-MUNDIALDAADRIANA_CP01;"00:00:06;00";BGM;OK;OK;08/11/2022;Jesus;Marcelo;
CLIP1;55541;VH-MUNDIALDOANDRE_CP01;"00:00:06;00";BGM;OK;OK;08/11/2022;Jesus;Marcelo;
CLIP1;55542;VH-MUNDIALDAANDREA_CP01;"00:00:06;00";BGM;OK;OK;08/11/2022;Jesus;Marcelo;
CLIP1;55543;VH-MUNDIALDABABI_CP01;"00:00:06;00";BGM;OK;OK;08/11/2022;Jesus;Marcelo;
CLIP1;55544;VH-MUNDIALDODAVI_CP01;"00:00:06;00";BGM;OK;OK;08/11/2022;Jesus;Marcelo;
CLIP1;55545;VH-MUNDIALDAFABI_CP01;"00:00:06;00";BGM;OK;OK;08/11/2022;Jesus;Marcelo;
CLIP1;55546;VH-MUNDIALDARENATA_CP01;"00:00:06;00";BGM;OK;OK;08/11/2022;Jesus;Marcelo;
CLIP1;55550;VT-DIFUSORAROMAS_CP01;"00:01:15;00";BGM;OK;OK;09/11/2022;Jesus;Gabriel;
CLIP1;55570;VH-DIVANDOCOMLUBLACK_CP01;"00:00:05;00";BGM;OK;OK;09/11/2022;Jesus;Gabriel;
CLIP1;55611;VH-DENORTEASULCC_CP01;"00:00:07;00";BGM;OK;OK;17/11/2022;Jesus;Andr√©;
CLIP2;V√≠deos de Programas\Papo a Gosto\18.11.2022 Papo a Gosto;Bohemios_Carmen Miranda;"00:02:28;00";Voz e BGM;OK;OK;18/11/2022;Jesus;Andr√©;
CLIP2;V√≠deos de Programas\Papo a Gosto\18.11.2022 Papo a Gosto;Boa da Cesta_Banana;"00:01:31;00";Voz e BGM;OK;OK;18/11/2022;Jesus;Andr√©;
CLIP1;55674;EV-BLACKFRIDAY_CP01;"00:00:10;01";Sem √°udio;OK;OK;21/11/2022;Jesus;Andr√©;
CLIP1;55692;EV-PAGUECOMAMEBF22_CP01;"00:00:10;00";Sem √°udio;OK;OK;21/11/2022;Jesus;Andr√©;
CLIP1;55693;EV-PRODUTOSBF22_CP01;"00:00:10;00";Sem √°udio;OK;OK;21/11/2022;Jesus;Andr√©;
CLIP1;55694;EV-CARTAOSHOPTIMEBF22_CP01;"00:00:10;00";Sem √°udio;OK;OK;21/11/2022;Jesus;Andr√©;
CLIP1;55695;EV-LOGOATRIZEBF22_CP01;"00:00:10;01";Sem √°udio;OK;OK;21/11/2022;Jesus;Andr√©;
CLIP1;55696;EV-LOGOBLACKFRIDAYBF22_CP01;"00:00:10;01";Sem √°udio;OK;OK;21/11/2022;Jesus;Andr√©;
CLIP1;55697;EV-LOGOASSINATURABF22_CP01;"00:00:10;01";Sem √°udio;OK;OK;21/11/2022;Jesus;Andr√©;
CLIP1;55698;EV-LOGOCONDICAOBF22_CP01;"00:00:10;01";Sem √°udio;OK;OK;21/11/2022;Jesus;Andr√©;
CLIP2;VTs e V√≠deos\VTs de Produtos;Fogao_52GP apresenta_COMPACTO;"00:02:00;00";Voz e BGM;OK;OK;22/11/2022;Jesus;Andr√©;
CLIP2;VTs e V√≠deos\VTs de Produtos;Fog√£o 52GP apresenta_ Natal pr√°tico;"00:02:58;00";Voz e BGM;OK;OK;22/11/2022;Jesus;Andr√©;
CLIP2;VTs e V√≠deos\VTs de Produtos;Fritadeira El√©trica Air Fryer 4,5L Preta - FUN KITCHEN (1);"00:01:25;00";BGM;OK;OK;22/11/2022;Jesus;Andr√©;
CLIP2;VTs e V√≠deos\VTs de Produtos;Lavadora de Roupas Brastemp  BWK12;"00:01:20;00";Voz e BGM;OK;OK;22/11/2022;Jesus;Andr√©;
CLIP2;VTs e V√≠deos\VTs de Produtos;Microondas Electrolux MT030;"00:00:55;00";Voz e BGM;OK;Reprovado;22/11/2022;Jesus;Marcelo;Trilha sonora alta demais e voz abafada e reverberando. Narciso disse para rodar assim mesmo.
CLIP2;VTs e V√≠deos\VTs de Produtos;iPhone 11 (2);"00:00:58;00";BGM;OK;OK;24/11/2022;Jesus;Marcelo Maurity;
CLIP1;55770;EV-LOGOBLACKFRIDAYPRO_CP01;"00:00:10;00";Sem √°udio;OK;N/A;26/11/2022;Jesus;Marcelo;
CLIP1;55771;EV-BLACKFRIDAYPRO_CP01;"00:00:10;00";Sem √°udio;OK;N/A;26/11/2022;Jesus;Marcelo;
CLIP2;V√≠deos de Programas\Shop Game Time Show\Jogos\30.11.2022 Shop Game Time Show;Carneiro_Toalha;"00:00:27;00";BGM;OK;OK;30/11/2022;Jesus;Gabriel;
CLIP1;55806;VH-MELHORESMESCAMP_CP01;"00:00:15;00";BGM;OK;OK;01/12/2022;Jesus;Marcelo;
CLIP1;55810;EV-KDACOMUNIKMDKSA_CP01;"00:00:10;00";Sem √°udio;OK;N/A;01/12/2022;Jesus;Marcelo;
CLIP1;55817;VH-ASSIMEFACIL_CP01;"00:00:10;00";BGM;OK;OK;01/12/2022;Jesus;Marcelo;
CLIP2;V√≠deos de Programas\Papo a Gosto\01.12.2022 Papo a Gosto;BO√äMIOS_CES√ÅRIA √âVORA;"00:01:52;00";Voz e BGM;OK;OK;01/12/2022;Jesus;Marcelo;
CLIP1;55821;VT-JOGAUNIVERSOAR-CP01;"00:05:04;00";Voz e BGM;OK;OK;02/12/2022;Jesus;Andr√©;
CLIP1;55822;VT-JOGAUNIVERSOFOGO-CP01;"00:04:35;00";Voz e BGM;OK;OK;02/12/2022;Jesus;Andr√©;
CLIP1;55823;VT-JOGAUNIVERSOAGUA-CP01;"00:04:36;00";Voz e BGM;OK;OK;02/12/2022;Jesus;Andr√©;
CLIP1;55818;VT-JOGAUNIVERSOTERRA-CP01;"00:04:16;00";Voz e BGM;OK;OK;02/12/2022;Jesus;Andr√©;
CLIP1;55893;EV-KDACOMEUNIKFEUD_CP01;"00:00:10;00";Sem √°udio;OK;N/A;08/12/2022;Jesus;Andr√©;
CLIP1;55904;VH-MELHORESANOCAMP22_CP01;"00:00:15;00";BGM;OK;OK;09/12/2022;Jesus;Andr√©;
CLIP1;55905;EV-KDACOMEUNIKFMP_CP01;"00:00:10;00";Sem √°udio;OK;N/A;09/12/2022;Jesus;Andr√©;
CLIP2;V√≠deos de Programas\Especial de Natal\2022\08.12.2022\Switcher-Compilado de Natal;Switcher-Compilado Natal;"00:09:56;00";BGM;OK;OK;09/12/2022;Jesus;Andr√©;
CLIP1;55926;VT-PANELAELETRCAFK_CP01;"00:01:40;00";BGM;OK;OK;13/12/2022;Jesus;Gabriel;
CLIP1;55929;VH-BUENASNOTICIAS_CP01;"00:00:05;00";BGM;OK;OK;13/12/2022;Jesus;Gabriel;
CLIP2;V√≠deos de Programas\Papo a Gosto\15.12.2022 Papo a Gosto;BO√äMIOS_LAPONIA;"00:01:34;00";Voz e BGM;OK;OK;14/12/2022;Jesus;Andr√©;
CLIP2;V√≠deos de Programas\Papo a Gosto\16.12.2022 Papo a Gosto;BO√äMIOS_ELIZABETH;"00:01:34;00";Voz e BGM;OK;OK;16/12/2022;Jesus;Andr√©;
CLIP1;56002;VH-INVADINDOLOJABABI_CP01;"00:00:07;00";BGM;OK;OK;19/12/2022;Jesus;Marcelo;
CLIP1;56027;VH-MINHARVOREDENATAL_CP01;"00:00:06;00";BGM;OK;OK;20/12/2022;Jesus;Gabriel;
CLIP2;V√≠deos de Programas\Tudo para sua Casa\21.12.2022 Tudo para a sua Casa;Rei Le√£o_Trecho Tininha;"00:00:46;00";Voz e BGM;OK;OK;22/12/2022;Jesus;Gabriel;
CLIP2;V√≠deos de Programas\Fam√≠lia Shoptime\22.12.2022 Fam√≠lia Shoptime;Tota e Pita - Plantas;"00:02:48;00";Voz e BGM;OK;OK;22/12/2022;Jesus;Gabriel;
CLIP2;V√≠deos de Programas\Fam√≠lia Shoptime\26.12.2022 Fam√≠lia Shoptime;Tota e Pita - Tota comprou uma casa;"00:04:00;00";Voz e BGM;OK;OK;26/12/2022;Jesus;Andr√©;
CLIP2;VTs e V√≠deos\VTs de Produtos;Panela de Press√£o Rochedo Clipso 4,5 litros_ Abre e fecha f√°cil com m√°xima seguran√ßa;"00:01:30;00";Voz e BGM;OK;OK;26/12/2022;Jesus;Andr√©;
CLIP2;V√≠deos de Programas\Vida Revista\26.12.2022 Vida Revista;Agora Vai - Flavia Bonatto;"00:00:48;00";Voz;OK;OK;26/12/2022;Jesus;Andr√©;
CLIP2;V√≠deos de Programas\Vida Revista\26.12.2022 Vida Revista;Agora Vai - Fabiana Boal;"00:00:46;00";Voz;OK;OK;26/12/2022;Jesus;Andr√©;
CLIP2;V√≠deos de Programas\Vida Revista\26.12.2022 Vida Revista;Agora Vai - Davi & Andre;"00:02:08;00";Voz;OK;OK;26/12/2022;Jesus;Andr√©;
CLIP2;V√≠deos de Programas\Vida Revista\26.12.2022 Vida Revista;Agora Vai - Andrea Bueno;"00:00:44;00";Voz;OK;OK;26/12/2022;Jesus;Andr√©;
CLIP2;56081;EV-VEM2023UDECMERC_CP01;"00:00:10;00";Sem √°udio;OK;OK;28/12/2022;Jesus;Gabriel;
CLIP1;56082;VH-RETROSPECTIVACASA22_CP01;"00:00:15;00";BGM;OK;OK;28/12/2022;Jesus;Gabriel;
CLIP1;56083;VH-CASAPRISAPORETTI_CP01;"00:00:10;00";BGM;OK;OK;28/12/2022;Jesus;Gabriel;
CLIP1;56084;VH-CASASEGSAPORETTI_CP01;"00:00:10;00";BGM;OK;OK;28/12/2022;Jesus;Gabriel;
CLIP1;56085;VH-CASATERSAPORETTI_CP01;"00:00:10;00";BGM;OK;OK;28/12/2022;Jesus;Gabriel;
CLIP1;56087;VH-CASAQUISAPORETTI_CP01;"00:00:10;00";BGM;OK;OK;28/12/2022;Jesus;Gabriel;N√£o ingestado. Aguardando.
CLIP1;56088;VH-CASASEXSAPORETTI_CP01;"00:00:10;00";BGM;OK;OK;28/12/2022;Jesus;Gabriel;
CLIP1;56089;VH-CASASETSAPORETTI_CP01;"00:00:10;00";BGM;OK;OK;28/12/2022;Jesus;Gabriel;
CLIP1;56090;VH-CASAOITSAPORETTI_CP01;"00:00:10;00";BGM;OK;OK;28/12/2022;Jesus;Gabriel;
CLIP1;56091;VH-CASANONSAPORETTI_CP01;"00:00:10;00";BGM;OK;OK;28/12/2022;Jesus;Gabriel;
CLIP1;56092;VH-CASADECSAPORETTI_CP01;"00:00:10;00";BGM;OK;OK;28/12/2022;Jesus;Gabriel;
CLIP1;56107;VT-FENGSHUISALA_CP01;"00:00:45;00";Voz;OK;OK;28/12/2022;Jesus;Gabriel;
CLIP1;56108;VT-FENGSHUIQUARTO_CP01;"00:01:09;00";Voz;OK;OK;28/12/2022;Jesus;Gabriel;
CLIP1;56109;VT-FENGSHUIBANHEIRO_CP01;"00:01:20;00";Voz;OK;OK;28/12/2022;Jesus;Gabriel;
CLIP2;VTs e V√≠deos\VTs de Produtos;Como usar a Fritadeira Oster¬Æ Super Fryer;"00:02:12;00";Voz e BGM;OK;OK;28/12/2022;Jesus;Andr√©;
CLIP2;VTs e V√≠deos\VTs de Produtos;Liquidificadores Oster¬Æ;"00:00:30;00";Voz e BGM;OK;OK;28/12/2022;Jesus;Andr√©;
CLIP2;V√≠deos de Programas\Tudo para sua Casa\28.12.2022 Tudo para a sua Casa;Como atrair energia positiva para 2023_B√°rara Donati;"00:00:45;00";Voz;OK;OK;29/12/2022;Jesus;Andr√©;
CLIP2;V√≠deos de Programas\Tudo para sua Casa\28.12.2022 Tudo para a sua Casa;Como atrair energia positiva para 2023_No√©lli S√°ntiago;"00:01:20;00";Voz;OK;OK;30/12/2022;Jesus;Andr√©;
CLIP2;V√≠deos de Programas\Tudo para sua Casa\28.12.2022 Tudo para a sua Casa;Como atrair energia positiva para 2023_Shanna Marum;"00:01:35;00";Voz;OK;OK;31/12/2022;Jesus;Andr√©;
CLIP2;V√≠deos de Programas\Tudo para sua Casa\28.12.2022 Tudo para a sua Casa;Como atrair energia positiva para 2023_Wal Sartori;"00:01:15;00";Voz;OK;OK;31/12/2022;Jesus;Andr√©;
CLIP1;56106;VH-TORREBALLSHOPGAME_CP01;"00:00:05;00";BGM;OK;OK;31/12/2022;Jesus;Andr√©;
CLIP1;56086;VH-CASAQUASAPORETTI_CP01;"00:00:10;00";Voz e BGM;OK;OK;03/01/2023;Jesus;Andr√©;
CLIP1;56135;VH-DENORTEASULBABICC_CP01;"00:00:07;00";BGM;OK;OK;02/01/2023;Jesus;Andr√©;
CLIP1;56143;VT-MEIASANTIDERZIMAN_CP01;"00:01:15;00";BGM;OK;OK;02/01/2023;Jesus;Andr√©;
CLIP1;56144;"VT-ITENSPELECABELOS_CP01	";"00:01:15;00";BGM;Reprovado;OK;02/01/2023;Jesus;Andr√©;Black com 53 segundos restantes.
CLIP1;56150;"VT-ITENSPELECABELOS_CP01	";"00:01:15;01";BGM;OK;OK;03/01/2023;Jesus;Gabriel;
CLIP1;56179;VT-ITENSPELECABELOS_CP01;"00:01:15;01";BGM;OK;OK;04/01/2023;Jesus;Leonardo;
CLIP2;V√≠deos de Programas\Papo a Gosto\2023\06.01.2023 Papo a Gosto;BOEMIOS - CLARISSE LISPECTOR;"00:01:56;00";Voz e BGM;OK;OK;06/01/2023;Bruno;Leonardo;
CLIP2;V√≠deos de Programas\Papo a Gosto\2023\06.01.2023 Papo a Gosto;PATRIMONIO - LA FIORENTINA;"00:02:19;00";Voz e BGM;OK;OK;06/01/2023;Bruno;Leonardo;
CLIP1;56212;EV-CASANOVASHOPMP_CP01;"00:00:10;00";Sem √°udio;OK;N/A;09/01/2023;Jesus;Andr√©;
CLIP2;VTs e V√≠deos\VTs de Produtos;M√°quina de Empad√£o Fun Kitchen _ Shoptime;"00:01:57;00";Voz e BGM;OK;OK;10/01/2023;Jesus;Leonardo;
CLIP2;V√≠deos de Programas\Casa & Conforto\12.01.2023 Casa & Conforto;Catarina da Silva - cliente Shoptime;"00:00:29;00";Voz;OK;OK;11/01/2023;Jesus;Andr√©;Entregue 10/01/2023 por Marcelo para rodar no dia 12/01/2023
CLIP2;V√≠deos de Programas\Casa & Conforto\13.01.2023 Sexta-Feira 13;1 THALES CALAZANS SB HORROR √Ä ESCADA;"00:00:32;00";Voz;Reprovado;OK;13/01/2023;Jesus;Andr√©;V√≠deo com imagem invertida
CLIP2;V√≠deos de Programas\Casa & Conforto\13.01.2023 Sexta-Feira 13;3 MARIA DE LOURDES SB PANO BRANCO NO ESPELHO;"00:00:19;00";Voz;OK;OK;13/01/2023;Jesus;Andr√©;
CLIP2;V√≠deos de Programas\Casa & Conforto\13.01.2023 Sexta-Feira 13;ANA CL√ÅUDIA SB COMO SE SAIR BEM NA SEXTA 13_1;"00:00:35;00";Voz;OK;OK;13/01/2023;Jesus;Andr√©;
CLIP2;V√≠deos de Programas\Casa & Conforto\13.01.2023 Sexta-Feira 13;ANA CL√ÅUDIA SB SUPERSTI√á√ÉO DESDE NOVA_1;"00:00:35;00";Voz;OK;OK;13/01/2023;Jesus;Andr√©;
CLIP2;V√≠deos de Programas\Casa & Conforto\13.01.2023 Sexta-Feira 13;MARIA APARECIDA SB N√ÉO DEIXAR CHINELO VIRADO_1;"00:00:49;00";Voz;OK;OK;13/01/2023;Jesus;Andr√©;
CLIP2;V√≠deos de Programas\Casa & Conforto\13.01.2023 Sexta-Feira 13;1 THALES CALAZANS SB HORROR √Ä ESCADA_corrigido;"00:00:32;00";Voz;OK;OK;13/01/2023;Jesus;Andr√©;
CLIP2;V√≠deos de Programas\Casa & Conforto\13.01.2023 Sexta-Feira 13;5 LUCIANA TORRACO SB GUARDA-CHUVA;"00:00:51;00";Voz;OK;OK;13/01/2023;Jesus;Leonardo;
CLIP2;56274;VT-LIMPEZABOX2023_CP01;"00:00:51;00";Voz e BGM;OK;OK;16/01/2023;Jesus;Andr√©;
CLIP1;56275;EV-CASANOVASHOPECP_CP01;"00:00:10;00";Sem √°udio;OK;N/A;16/01/2023;Jesus;Andr√©;
CLIP2;V√≠deos de Programas\Casa & Conforto\17.01.2023 - Casa & Conforto;Luciana Torraco - cliente Shoptime;"00:00:09;00";Voz;OK;OK;18/01/2023;Jesus;Andr√©;
CLIP2;V√≠deos de Programas\Assim √© F√°cil\18.01.2023 - Escadinha para Pet;V√≠deo gato Lupito;"00:00:37;00";Voz;OK;OK;18/01/2023;Jesus;Andr√©;
CLIP2;V√≠deos de Programas\Papo a Gosto\18.01.2023 Papo a Gosto;BOEMIOS-RITA LEE;"00:02:54;00";Voz e BGM;OK;OK;19/01/2023;Jesus;Andr√©;
CLIP1;56315;EV-CASANOVASHOPUDC_CP01;"00:00:10;00";Sem √°udio;OK;OK;23/01/2023;Jesus;Leonardo;
CLIP2;V√≠deos de Programas\Papo a Gosto\27.01.2023 Papo a Gosto;Boemios-Djamila Ribeiro;"00:01:48;00";Voz e BGM;OK;OK;27/01/2023;Jesus;Leonardo;
CLIP2;V√≠deos de Programas\Papo a Gosto\27.01.2023 - Djmal Ribeiro e Cais do Valongo;Patrimonio-Cais do Valongo;"00:02:11;00";Voz e BGM;OK;OK;27/01/2023;Jesus;Leonardo;
CLIP1;56002;VH-INVADINDOLOJABABI_CP01;"00:00:07;00";BGM;OK;OK;31/01/2023;Jesus;Cleyton;
CLIP1;56431;EV-TUDOPRASUAKSACOZ_CP01;"00:00:10;00";Sem √°udio;OK;N/A;01/02/2023;Jesus;Andr√©;
CLIP2;VTs e V√≠deos\VTs de Produtos;Como Usar OFRT780 - Fritadeira e Forno 12L 3 em 1 Oster¬Æ;"00:01:42;00";Voz e BGM;OK;OK;01/02/2023;Jesus;Marcelo;
CLIP2;V√≠deos de Programas\Papo a Gosto\03.02.2023 - Vera Fisher e Pavelka;BOEMIOS_VERA FISHER;"00:01:52;00";Voz e BGM;OK;OK;03/02/2023;Jesus;Andr√©;
CLIP1;56534;EV-TDPRASUAKSACOZCO_CP01;"00:00:10;00";Sem √°udio;OK;OK;07/02/2023;Jesus;Andr√©;
CLIP2;VTs e V√≠deos\VTs de Produtos;Samsung Galaxy Watch 4 - Unveil;"00:00:58;00";BGM;OK;OK;07/02/2023;Jesus;Andr√©;
CLIP2;V√≠deos de Programas\Fam√≠lia Shoptime\09.02.2023 Esquete do Sol - QR;Esquete do Sol - QR;"00:06:01;00";Voz e BGM;OK;OK;08/02/2023;Jesus;Marcelo;
CLIP2;V√≠deos de Programas\Papo a Gosto\10.02.2023 - Edith Piaf e O Mexido;BO√äMIOS_EDITH PIAF;"00:02:18;00";Voz e BGM;OK;OK;09/02/2023;Jesus;Marcelo;
CLIP1;56668;VH-EAIJAVIUCOMANDREA_CP01;"00:00:10;00";BGM;OK;OK;10/02/2023;Jesus;Andr√©;
CLIP1;56669;VH-EAIJAVIUSEMMANDREA_CP01;"00:00:10;00";BGM;OK;OK;10/02/2023;Jesus;Andr√©;
CLIP1;56702;EV-CARNAVAL2023_CP01;"00:00:10;00";Sem √°udio;OK;N/A;13/02/2023;Jesus;Marcelo;
CLIP1;56728;VH-DESAFIODALOJINHA_CP01;"00:00:10;00";BGM;OK;OK;14/02/2023;Jesus;Marcelo;
CLIP1;56729;VH-DESAFIODALOJINHA_CP02;"00:00:10;00";BGM;OK;OK;14/02/2023;Jesus;Marcelo;
CLIP2;V√≠deos de Programas\Papo a Gosto\17.02.2023 Louis Armstrong e Grandpa Elliot;BO√äMIOS -LOUIS ARMSTRONG E GRANDPA ELLIOT_1;"00:03:02;00";Voz e BGM;OK;OK;16/02/2023;Jesus;Andr√©;
CLIP1;56851;EV-TUDOPRASUAKSAGER_CP01;"00:00:10;00";Sem √°udio;OK;OK;22/02/2023;Jesus;Andr√©;
CLIP2;V√≠deos de Programas\Papo a Gosto\24.02.2023 Heitor Villa Lobos e Confeitaria Colombo;BO√äMIOS - HEITOR VILLA LOBOS;"00:02:39;00";Voz e BGM;OK;OK;23/02/2023;Jesus;Andr√©;
Pendente;V√≠deos de Programas\Papo a Gosto\24.02.2023 Heitor Villa Lobos e Confeitaria Colombo;PATRIM√îNIO - COLOMBO;"00:02:22;00";Voz e BGM;OK;OK;23/02/2023;Jesus;Andr√©;
CLIP2;V√≠deos de Programas\Casa & Conforto\24.02.2023 - Spa P√≥s-Carnaval;SONORA 1 Daniela Zuin - nutricionista;"00:01:31;00";Voz;OK;OK;24/02/2023;Jesus;Marcelo;
CLIP2;V√≠deos de Programas\Casa & Conforto\24.02.2023 - Spa P√≥s-Carnaval;SONORA 2 B√°rbara Donati - terapeuta;"00:01:12;00";Voz;OK;OK;24/02/2023;Jesus;Marcelo;
CLIP2;V√≠deos de Programas\Casa & Conforto\24.02.2023 - Spa P√≥s-Carnaval;SONORA 3 Fl√°via Theml - aromaterapeuta;"00:01:03;00";Voz;OK;OK;24/02/2023;Jesus;Marcelo;
CLIP2;VTs e V√≠deos\VTs de Produtos;Como fazer PORTA TEMPERO f√°cil e bonito _ organizador lateral geladeira;"00:02:16;00";Voz e BGM;OK;OK;01/03/2023;Jesus;Marcelo;
CLIP1;56915;EV-TUDOPRASUAKSAGER_CP02;"00:00:10;00";Sem √°udio;OK;OK;02/03/2023;Jesus;Andr√©;
CLIP2;V√≠deos de Programas\Papo a Gosto\2023\06.01.2023 Papo a Gosto;Patrim√¥nio - Puratos Sourdough Library 03.03.2023;"00:01:36;00";Voz e BGM;OK;OK;03/03/2023;Jesus;Marcelo;
CLIP2;V√≠deos de Programas\Papo a Gosto\2023\06.01.2023 Papo a Gosto;Bo√™mios - Milton Nascimento 03.03.2023;"00:02:13;00";Voz e BGM;OK;OK;03/03/2023;Jesus;Marcelo;
CLIP2;V√≠deos de Programas\Vida Revista\03.03.2023 - Cl√°udia Raia;Cl√°udia Raia - Vida Revista 03.03.2023;"00:01:19;00";Voz e BGM;OK;OK;03/03/2023;Jesus;Marcelo;
CLIP2;V√≠deos de Programas\Especial\03.03.2023 - Filme e Pipoca;CINEMA PARA√çSO (Cinema Paradiso) __ Trailer legendado;"00:01:00;00";Voz e BGM;OK;OK;03/03/2023;Elton;Marcelo;
CLIP2;V√≠deos de Programas\Especial\03.03.2023 - Filme e Pipoca;Quest√£o de Tempo _ trailer legendado _ 20 de dezembro nos cinemas;"00:02:27;00";Voz e BGM;OK;OK;03/03/2023;Elton;Marcelo;
CLIP2;V√≠deos de Programas\Especial\03.03.2023 - Filme e Pipoca;Trailer Mesmo Se Nada Der Certo;"00:02:34;00";Voz e BGM;OK;OK;03/03/2023;Elton;Marcelo;
CLIP2;V√≠deos de Programas\Especial\03.03.2023 - Filme e Pipoca;Viva - A Vida √© uma Festa _ Trailer Dublado;"00:02:04;00";Voz e BGM;OK;OK;03/03/2023;Elton;Marcelo;
CLIP2;V√≠deos de Programas\Especial\03.03.2023 - Filme e Pipoca;Na Sua Casa ou na Minha _ _ Trailer oficial _ Netflix;"00:02:48;00";Voz e BGM;OK;OK;03/03/2023;Elton;Marcelo;
CLIP2;V√≠deos de Programas\Especial\03.03.2023 - Filme e Pipoca;Uma Skatista Radical _ Trailer oficial _ Netflix;"00:02:37;00";Voz e BGM;OK;OK;03/03/2023;Elton;Marcelo;
CLIP1;56945;EV-CURIOSIDADESCHEF_CP02;"00:00:11;00";BGM;OK;OK;06/03/2023;Jesus;Andr√©;
CLIP1;56947;EV-TUDOPRASUAKSAVMP_CP01;"00:00:10;00";Sem √°udio;OK;N/A;06/03/2023;Jesus;Andr√©;
CLIP2;VTs e V√≠deos\VTs de Produtos;pra descobrir_ desobediente;"00:01:10;00";Voz e BGM;OK;OK;06/03/2023;Jesus;Andr√©;
CLIP1;57016;EV-TUDOPRASUAKSAGER_CP04;"00:00:10;00";Sem √°udio;OK;OK;20/03/2023;Jesus;Andr√©;
CLIP1;57058;TD-MOEDORDEGRAOS_CP01;"00:01:53;00";BGM;OK;OK;20/03/2023;Jesus;Andr√©;
CLIP1;57061;EV-PASCOA2023_CP01;"00:00:10;00";Sem √°udio;OK;N/A;20/03/2023;Jesus;Andr√©;